,name,phone,link
0,Atmosphere Canada,+1 403-341-6719,https://www.atmosphere.ca/stores/red-deer.html?utm_source=Organic%20Search&utm_medium=LSS
1,Valhalla Pure Outfitters,+1 403-343-3658,https://vpo.ca/
2,Tamarack Outdoor Outlet,+1 403-627-2227,http://www.hikewaterton.com/
3,Trailblazers Camping & Outdoor Store,+1 403-932-7007,http://www.facebook.com/tbcoscochrane
4,Totem Outdoor Outfitters Ltd: Home of the Sports Exchange,+1 780-432-1223,http://www.totemoutfitters.ca/
5,Breathe Outdoors - formerly Campers Village,+1 780-479-2267,https://breatheoutdoors.ca/
6,Tamarack Outdoors: Gear-Guides-Shuttles,N/A,http://www.hikewaterton.com/
7,Atmosphere Canada,+1 403-760-8249,https://www.atmosphere.ca/stores/cms-banff-avenue.html
8,Atmosphere,+1 403-264-2444,http://atmosphere.ca/
9,Atmosphere Canada,+1 780-638-6150,https://www.atmosphere.ca/stores/south-edmonton-common.html?utm_source=Organic%20Search&utm_medium=LSS
10,Everest Outdoor Stores Ltd,+1 780-852-5902,http://www.outdoorstorejasper.ca/
11,Awesome Adventures Ltd,+1 403-328-5041,http://www.awesomeadventures.ca/
12,Atmosphere Canada,+1 780-460-0220,https://www.atmosphere.ca/stores/st-albert.html
13,MEC Calgary,+1 403-269-2420,https://www.mec.ca/en/stores/calgary?utm_medium=organic&utm_source=google&utm_campaign=my-business-listings&utm_content=calgary
14,Atmosphere,+1 403-217-4197,https://www.atmosphere.ca/
15,Atmosphere Canada,+1 780-444-2019,https://www.atmosphere.ca/stores/west-edmonton-mall.html
16,MEC Edmonton South,+1 780-433-0293,https://www.mec.ca/en/stores/south-edmonton?utm_medium=organic&utm_source=google&utm_campaign=my-business-listings&utm_content=south-edmonton
17,Bass Pro Shops,+1 403-592-3900,https://www.cabelas.ca/find-a-store/rocky%20view/36?y_source=1_MzAxMTU0Ny03MTUtbG9jYXRpb24ud2Vic2l0ZQ%3D%3D
18,MEC Edmonton,+1 780-488-6614,https://www.mec.ca/en/stores/edmonton?utm_medium=organic&utm_source=google&utm_campaign=my-business-listings&utm_content=edmonton
19,Lac La Biche Sporting Goods,+1 780-623-4145,http://llbsports.ca/
20,spry | Running Hiking Skiing Snowshoeing Crowsnest Pass Alberta,+1 403-753-5024,http://www.spryactive.ca/
21,Breathe Outdoors (formerly Campers Village),+1 403-252-3338,https://breatheoutdoors.ca/
22,Fjällräven Banff,+1 403-762-8575,http://www.fjallraven.us/
23,Atmosphere Canada,+1 403-329-1028,https://www.atmosphere.ca/stores/lethbridge.html?utm_source=Organic%20Search&utm_medium=LSS
24,Monod Sports Ltd,+1 403-762-4571,https://www.monodsports.com/
25,Atmosphere Canada,+1 403-526-5614,https://www.atmosphere.ca/stores/medicine-hat.html
26,Norseman Outdoor Specialist,+1 403-249-5451,http://www.norsemanoutdoorspecialist.com/
27,Cabela's Edmonton (South),+1 780-628-9200,http://www.cabelas.ca/find-a-store/edmonton/2
28,Sporting Life,+1 403-313-4477,http://www.sportinglife.ca/
29,Patagonia Calgary,+1 403-266-6463,https://www.patagoniaelements.ca/store/
30,Trapper Gord Homestead & Survival,+1 780-957-3731,http://www.trappergord.com/
31,Sporting Life,+1 403-313-1675,http://www.sportinglife.ca/
32,Golby Hardware And Sports,+1 403-578-3699,https://www.google.com/search?q=outdoor+sport+stores+in+alberta&rlz=1C1CHBF_enKE923KE927&biw=1036&bih=538&sz=0&tbm=lcl&ei=FfgBYsmWGIX2sAfvgonwCA&oq=outdoor+sport+stores+in+alberta&gs_l=psy-ab.12...0.0.0.6909.0.0.0.0.0.0.0.0..0.0....0...1c..64.psy-ab..0.0.0....0.IHcClbCHMRw#
33,Breathe Outdoors - formerly Campers Village,+1 780-484-2700,https://breatheoutdoors.ca/
34,Cabela's Calgary,+1 403-910-0200,http://www.cabelas.ca/find-a-store/calgary/14
35,Mountain Warehouse,+1 403-346-6983,https://www.mountainwarehouse.com/ca/stores/red/red-deer/
36,Tackle and Trails,+1 403-346-6983,https://www.mountainwarehouse.com/ca/stores/red/red-deer/
37,Patagonia Banff,+1 403-985-5588,https://www.patagoniaelements.ca/store/
38,Totem Ski Shop,+1 780-852-3078,http://totemskishop.com/
39,Valhalla Pure Outfitters Canmore,+1 403-678-5610,https://vpo.ca/topic/VPO.StoreLocator.Canmore
40,Warehouse Sports,+1 780-645-4665,https://www.google.com/search?q=outdoor+sport+stores+in+alberta&rlz=1C1CHBF_enKE923KE927&biw=1036&bih=538&sz=0&tbm=lcl&ei=FfgBYsmWGIX2sAfvgonwCA&oq=outdoor+sport+stores+in+alberta&gs_l=psy-ab.12...0.0.0.6909.0.0.0.0.0.0.0.0..0.0....0...1c..64.psy-ab..0.0.0....0.IHcClbCHMRw#
41,The North Face Banff- owned and operated by Highline Outdoors,+1 403-762-0775,http://highlineoutdoors.ca/
42,Sports Experts,+1 403-609-3030,http://www.sportsexperts.ca/en/
43,Track 'N Trail,+1 780-418-1876,http://shop.trackntrail.ca/
44,Abominable Sports,+1 403-678-4937,http://abominablesports.com/
45,Arc'teryx West Edmonton,+1 780-784-0055,https://stores.arcteryx.com/westedmonton
46,Vertical Addiction,+1 403-609-8226,http://vertical-addiction.com/
47,Indominus Sports,+1 780-723-4284,https://www.google.com/search?q=outdoor+sport+stores+in+alberta&rlz=1C1CHBF_enKE923KE927&biw=1036&bih=538&sz=0&tbm=lcl&ei=FfgBYsmWGIX2sAfvgonwCA&oq=outdoor+sport+stores+in+alberta&gs_l=psy-ab.12...0.0.0.6909.0.0.0.0.0.0.0.0..0.0....0...1c..64.psy-ab..0.0.0....0.IHcClbCHMRw#
48,Sport Chek,+1 403-274-5324,https://www.sportchek.ca/stores/cross-iron-mills.html?utm_source=Organic%20Search&utm_medium=LSS
49,Wild Mountain,+1 780-852-5304,https://www.google.com/search?q=outdoor+sport+stores+in+alberta&rlz=1C1CHBF_enKE923KE927&biw=1036&bih=538&sz=0&tbm=lcl&ei=FfgBYsmWGIX2sAfvgonwCA&oq=outdoor+sport+stores+in+alberta&gs_l=psy-ab.12...0.0.0.6909.0.0.0.0.0.0.0.0..0.0....0...1c..64.psy-ab..0.0.0....0.IHcClbCHMRw#
50,Burnsie's Sports Excellence,+1 780-624-3737,https://www.google.com/search?q=outdoor+sport+stores+in+alberta&rlz=1C1CHBF_enKE923KE927&biw=1036&bih=538&sz=0&tbm=lcl&ei=FfgBYsmWGIX2sAfvgonwCA&oq=outdoor+sport+stores+in+alberta&gs_l=psy-ab.12...0.0.0.6909.0.0.0.0.0.0.0.0..0.0....0...1c..64.psy-ab..0.0.0....0.IHcClbCHMRw#
51,Wildside Outdoors,+1 780-870-5200,https://wildsideoutdoors.ca/
52,Atmosphere Canada,+1 780-426-7801,https://www.atmosphere.ca/stores/edmonton-city-centre.html
53,The Outdoorsman,+1 403-529-9248,https://theoutdoorsman.ca/
54,Decathlon Calgary,+1 587-713-0699,https://www.decathlon.ca/
55,SPORTSMEN'S DEN,+1 403-347-7678,https://www.sportsmensden.ca/
56,Sport Chek,+1 403-255-2161,https://www.sportchek.ca/stores/chinook-centre.html?utm_source=Organic%20Search&utm_medium=LSS
57,Sport Chek,+1 403-329-3318,https://www.sportchek.ca/stores/park-place-mall.html?utm_source=Organic%20Search&utm_medium=LSS
58,FXR Factory Outlet Super Store - Edmonton AB.,+1 780-489-8855,http://ca.fxrracing.com/
59,Sport Chek,+1 403-346-1244,https://www.sportchek.ca/stores/red-deer.html?utm_source=Organic%20Search&utm_medium=LSS
60,Big Game Source For Sports,+1 403-740-3000,https://www.sourceforsports.ca/en-CA/Stores/72-Big-Game-Stettler-Source-For-Sports.aspx
61,Wilson Mountain Sports,+1 403-522-3636,http://wmsll.com/
62,The Great Outdoors: Junior Outfitters,+1 403-264-4444,http://thegreatoutdoorscalgary.ca/
63,Sport Chek,+1 780-460-0220,https://www.sportchek.ca/stores/st-albert-centre.html?utm_source=Organic%20Search&utm_medium=LSS
64,Fjällräven Calgary,+1 403-910-5631,http://fjallraven.ca/
65,Alpenland Ski & Cycle,+1 403-329-6099,https://www.alpenland.ca/
66,Bartons Big Country,+1 866-539-5414,https://www.bartonsbigcountry.ca/
67,Sport Chek,+1 403-286-3375,https://www.sportchek.ca/stores/market-mall.html?utm_source=Organic%20Search&utm_medium=LSS
68,Westbound Outdoors,+1 403-335-2082,https://www.google.com/search?q=outdoor+sport+stores+in+alberta&rlz=1C1CHBF_enKE923KE927&biw=1036&bih=538&sz=0&tbm=lcl&ei=FfgBYsmWGIX2sAfvgonwCA&oq=outdoor+sport+stores+in+alberta&gs_l=psy-ab.12...0.0.0.6909.0.0.0.0.0.0.0.0..0.0....0...1c..64.psy-ab..0.0.0....0.IHcClbCHMRw#
69,Gravity Gear,+1 780-852-3155,http://www.gravitygearjasper.com/
70,GearTrade,+1 403-604-4227,https://geartrade.ca/
71,Switching Gear,+1 403-678-1992,https://switchinggear.ca/
72,Maximum Outfitters,+1 780-865-7679,http://www.maximumoutfitters.ca/
73,Sport Chek,+1 780-962-0935,https://www.sportchek.ca/stores/century-crossing.html?utm_source=Organic%20Search&utm_medium=LSS
74,Cabela's Edmonton (North),+1 780-670-6100,http://www.cabelas.ca/find-a-store/edmonton/9
75,Switching Gear YYC,+1 587-353-9770,http://switchinggearyyc.ca/
76,Sport Chek,+1 780-444-2019,https://www.sportchek.ca/stores/west-edmonton-mall.html?utm_source=Organic%20Search&utm_medium=LSS
77,Sport Chek,+1 403-851-3638,https://www.sportchek.ca/stores/the-quarry-shopping-centre.html?utm_source=Organic%20Search&utm_medium=LSS
78,Mountain Warehouse,+1 587-462-8828,https://www.mountainwarehouse.com/stores/results/
79,Sport Chek,+1 403-285-2435,https://www.sportchek.ca/stores/sunridge-mall.html?utm_source=Organic%20Search&utm_medium=LSS
80,Abominable Sports,+1 403-762-2905,http://www.abominablesports.ca/
81,Sylvestres' Source For Sports,+1 780-826-4458,https://www.sourceforsports.ca/pages/sylvestres-source-for-sports-bonnyville
82,Athabasca Outdoor Products,+1 780-675-7009,http://www.athabascaoutdoors.ca/
83,High Calibre Sports,+1 780-865-3678,https://www.google.com/search?q=outdoor+sport+stores+in+alberta&rlz=1C1CHBF_enKE923KE927&biw=1036&bih=538&sz=0&tbm=lcl&ei=FfgBYsmWGIX2sAfvgonwCA&oq=outdoor+sport+stores+in+alberta&gs_l=psy-ab.12...0.0.0.6909.0.0.0.0.0.0.0.0..0.0....0...1c..64.psy-ab..0.0.0....0.IHcClbCHMRw#
84,Jasper Source For Sports,+1 780-852-3654,https://www.sourceforsports.ca/en-CA/Stores/78-Jasper-Source-For-Sports.aspx
85,Sport Chek,+1 780-417-3456,https://www.sportchek.ca/stores/emerald-hills-centre.html?utm_source=Organic%20Search&utm_medium=LSS
86,Sport Chek,+1 780-672-0306,https://www.sportchek.ca/stores/camrose.html?utm_source=Organic%20Search&utm_medium=LSS
87,Mountain Warehouse,+1 403-567-8868,https://www.mountainwarehouse.com/ca/stores/cim/cross-iron-mills/
88,Track 'N Trail,+1 780-432-1707,http://www.trackntrail.ca/
89,Spirit West/Outdoor Approach,+1 403-993-1381,https://spiritwest.ca/
90,Al's Sports Quest Equipment & Apparel,+1 780-778-5103,http://www.alssportsquest.com/
91,Sport Chek,+1 780-472-1881,https://www.sportchek.ca/stores/manning-town-centre.html?utm_source=Organic%20Search&utm_medium=LSS
92,Sport Chek,+1 780-352-2049,https://www.sportchek.ca/stores/wetaskiwin-mall.html?utm_source=Organic%20Search&utm_medium=LSS
93,Arc'teryx Calgary,+1 587-392-3135,https://stores.arcteryx.com/calgary
94,Sport Chek,+1 780-426-7801,https://www.sportchek.ca/stores/edmonton-eaton-centre.html?utm_source=Organic%20Search&utm_medium=LSS
95,Franchere Sporting Goods,+1 780-635-4050,http://francheresportinggoods.com/
96,Cheap Seats Sporting Goods,+1 780-675-2000,http://www.cheapseatssports.com/
97,Sin Bin Sports,+1 780-417-7462,https://sin-bin-sports.shoplightspeed.com/
98,Adrenalin Source For Sports,+1 403-640-9950,https://www.sourceforsports.ca/pages/adrenalin-source-for-sports-calgary
99,Sport Chek,+1 780-872-5246,https://www.sportchek.ca/stores/lloydminster-power-centre.html?utm_source=Organic%20Search&utm_medium=LSS
100,Sport Chek,+1 780-435-8488,https://www.sportchek.ca/stores/southpark-centre.html?utm_source=Organic%20Search&utm_medium=LSS
101,Ernie's Sports Experts,+1 780-539-6262,http://ernies.ca/
102,Banff Soul Ski and Bike,+1 403-760-1650,http://www.banffsoul.com/
103,Sportside Source For Sports,+1 403-362-2666,https://www.sourceforsports.ca/pages/sportside-source-for-sports-brooks
104,Sullys Skate & Snow,+1 403-295-2673,https://shopsullys.com/
105,Roof Racks Calgary - AQ Outdoors,+1 403-288-9283,http://www.roofrackscalgary.com/
106,Sports World Source For Sports,+1 403-347-3385,https://www.sourceforsports.ca/pages/sports-world-source-for-sports-red-deer
107,Skuxs Outdoors,+1 888-415-4805,http://skuxs.com/
108,Sport Chek,+1 587-463-4437,https://www.sportchek.ca/stores/tamarack.html?utm_source=Organic%20Search&utm_medium=LSS
109,Pure Outdoors,+1 780-852-4717,https://pureoutdoors.ca/
110,Cardston Outdoor Supply,+1 403-803-9370,http://www.cardstonoutdoorsupply.com/
111,Sports Experts,+1 780-865-3085,http://www.intersport.ca/
112,Techno Sport,+1 403-244-4492,http://www.techno-sport.com/
113,AQ Outdoors - Aquabatics Calgary,+1 403-288-9283,http://www.aqoutdoors.com/
114,Fresh Skis,+1 403-670-0400,http://www.freshskis.com/
115,Wapiti Sports,+1 403-678-5550,http://wapitisports.com/
116,Edge Control Ski Shop,+1 780-852-4945,http://edgecontrol.ca/
117,L.L.Bean,+1 403-776-2548,https://www.llbean.ca/Calgary.html
118,AQ Outdoors - Aquabatics Edmonton,+1 780-463-4892,https://aqoutdoors.com/
119,Big Timber Archery & Hunting Ltd,+1 780-539-9594,https://www.bigtimberarchery.com/
120,Elements Outfitters Willow Park - Filson & Patagonia,+1 403-455-7337,https://www.elementsunfailing.ca/
121,Bert and Mac's Source For Sports,+1 403-327-3221,https://www.sourceforsports.ca/pages/bert-macs-source-for-sports-lethbridge
122,Play It Again Sports,+1 403-686-4228,http://www.playitagainsportswesthills.com/#cid=glbc
123,Rock Gear Distribution,+1 403-562-2051,http://www.rockgeardistribution.com/
124,Digger Sports,+1 403-556-1888,http://www.diggersports.ca/
125,Springfree Trampoline Calgary,+1 587-316-4703,http://www.springfreetrampoline.ca/
126,The Skier's Sportshop,+1 780-433-7227,http://skierssportshop.com/
127,Play It Again Sports (Red Deer),+1 403-347-2227,http://playitagainsportsreddeer.com/
128,Winner's Way Source For Sports,+1 780-998-2288,https://www.sourceforsports.ca/pages/winners-way-source-for-sports-fort-saskatchewan
129,Play It Again Sports,+1 403-254-8561,http://www.playitagainsportsshawnessy.com/
130,Canadian Tire,+1 780-791-6470,https://www.canadiantire.ca/en/store-details/ab/fort-mcmurray-outdoor-store-ab.store.html?utm_source=google&utm_medium=lss&utm_content=911
131,Central Alberta Military Outlet,+1 403-782-0898,http://www.camogroup.ca/
132,Global Sport Resources,+1 780-469-7980,http://www.globalsportresources.com/
133,Greenhawk Equestrian Sport - Calgary,+1 403-236-7009,http://www.greenhawk.com/
134,S3 Boardshop,+1 780-814-5372,http://www.s3boardshop.ca/
135,SPORT CHEK,+1 780-474-3210,https://www.sportchek.ca/stores/kingsway-garden-mall.html?utm_source=Organic%20Search&utm_medium=LSS
136,Caroline Supplies Inc,+1 403-722-3922,http://www.carolinesupplies.ca/
137,Source For Sports,+1 780-928-4057,https://www.sourceforsports.ca/pages/source-for-sports-la-crete
138,Kluane Mountaineering,+1 780-433-9986,https://www.google.com/search?q=outdoor+sport+stores+in+alberta&rlz=1C1CHBF_enKE923KE927&biw=1036&bih=538&sz=0&tbm=lcl&ei=FfgBYsmWGIX2sAfvgonwCA&oq=outdoor+sport+stores+in+alberta&gs_l=psy-ab.12...0.0.0.6909.0.0.0.0.0.0.0.0..0.0....0...1c..64.psy-ab..0.0.0....0.IHcClbCHMRw#
139,Wolverine Guns & Tackle,+1 403-347-0220,http://www.wolverinegt.ca/
140,Kicks Sports _ Varsity,+1 403-288-0287,https://www.kickssports.ca/
141,Map Town,+1 403-266-2241,https://www.maptown.com/default.asp
142,University of Calgary Outdoor Centre,+1 403-220-5038,https://outdoor-centre.ucalgary.ca/
143,Gear Re-Store,+1 587-349-4415,http://www.gearrestore.com/
144,Columbia Factory Store,+1 780-890-2369,https://stores.columbia.com/edmonton-international-airport-factory-store
145,Mark's,+1 780-962-0047,https://www.marks.com/en/stores/spruce-grove-96-campsite-road.html?utm_source=Google&utm_medium=GMB&utm_campaign=GMB_Listing
146,Racks For Cars,+1 780-489-2383,https://www.racksforcars.com/
147,Mark's,+1 780-437-3050,https://www.marks.com/en/stores/edmonton-south-10360-65-avenue.html?utm_source=Google&utm_medium=GMB&utm_campaign=GMB_Listing
148,Canadian Tire,+1 403-846-0077,https://www.canadiantire.ca/en/store-details/ab/rocky-mountain-house-ab.store.html?utm_source=google&utm_medium=lss&utm_content=613
149,Winners,+1 780-440-4490,https://www.winners.ca/
150,lululemon,+1 587-418-3591,https://shop.lululemon.com/stores/ca/edmonton/westedmonton
151,All In Sports Den,N/A,https://www.google.com/search?q=outdoor+sport+stores+in+alberta&rlz=1C1CHBF_enKE923KE927&biw=1036&bih=538&sz=0&tbm=lcl&ei=FfgBYsmWGIX2sAfvgonwCA&oq=outdoor+sport+stores+in+alberta&gs_l=psy-ab.12...0.0.0.6909.0.0.0.0.0.0.0.0..0.0....0...1c..64.psy-ab..0.0.0....0.IHcClbCHMRw#
152,Mark's,+1 780-538-1272,https://www.marks.com/en/stores/grande-prairie-2-11801-100-street-prairie-mall.html?utm_source=Google&utm_medium=GMB&utm_campaign=GMB_Listing
153,Silver Willow Sporting Club,+1 403-337-2490,http://www.silverwillow.ca/
154,Gibbons Motor Toys,+1 780-923-3796,http://gibbonsmotortoys.com/?utm_source=google&utm_medium=organic&utm_campaign=GMB-service
155,Mark's,+1 780-778-4173,https://www.marks.com/en/stores/whitecourt-4721-51-street.html?utm_source=Google&utm_medium=GMB&utm_campaign=GMB_Listing
156,Alberta Snowmobile Association,+1 780-427-2695,https://www.google.com/search?q=outdoor+sport+stores+in+alberta&rlz=1C1CHBF_enKE923KE927&biw=1036&bih=538&sz=0&tbm=lcl&ei=FfgBYsmWGIX2sAfvgonwCA&oq=outdoor+sport+stores+in+alberta&gs_l=psy-ab.12...0.0.0.6909.0.0.0.0.0.0.0.0..0.0....0...1c..64.psy-ab..0.0.0....0.IHcClbCHMRw#
157,House Of Beach Co.,+1 778-868-2682,N/A
158,4xoutdoors,+1 778-919-1783,http://www.4xoutdoors.com/
159,North Shore Goods,N/A,http://northshoregoods.ca/
160,Wild Land Canada,+1 778-837-8977,http://www.wildlandcanada.ca/
161,Atmosphere,+1 604-922-0388,https://www.atmosphere.ca/stores/park-royal-2.html?utm_source=Organic%20Search&utm_medium=LSS
162,Atmosphere Canada,+1 250-592-5220,https://www.atmosphere.ca/stores/hillside-mall.html
163,Salmo Outdoor Store,+1 250-777-2047,http://salmooutdoorstore.ca/
164,Atmosphere Canada,+1 604-530-1404,https://www.atmosphere.ca/stores/langley-power-centre.html
165,Robinson's Outdoor Store,+1 250-385-3429,http://www.robinsonsoutdoors.com/
166,Atmosphere,+1 604-495-1360,https://www.atmosphere.ca/stores/guildford.html?utm_source=Organic%20Search&utm_medium=LSS
167,VPO,+1 604-850-5523,https://vpo.ca/topic/VPO.StoreLocator.Abbotsford
168,Valhalla Pure Outfitters,+1 604-872-8872,http://www.vpo.ca/
169,Mt. Waddington's Outdoors,+1 604-846-1984,http://www.mtwaddingtons.com/
170,Atmosphere Canada,+1 250-478-1551,https://www.atmosphere.ca/stores/westshore.html
171,Hope Outdoors,+1 604-860-0300,http://toecanada.com/
172,Alpine Start Outfitters,+1 604-876-2555,http://alpinestart.com/
173,KickAssOutdoor,N/A,http://kickassoutdoor.etsy.com/
174,Atmosphere Canada,+1 778-436-8162,https://www.atmosphere.ca/
175,Atmosphere,+1 250-434-1220,https://www.atmosphere.ca/stores/summit-centre.html?utm_source=Organic%20Search&utm_medium=LSS
176,Monashee Outdoors,+1 250-546-9025,http://www.monasheeoutdoors.ca/
177,Valhalla Pure Outfitters,+1 250-354-1006,http://vpo.ca/
178,Valhalla Pure Outfitters,+1 250-751-8686,http://www.vpo.ca/
179,Valhalla Pure Outfitters,+1 778-432-3579,http://www.vpo.ca/
180,MEC Vancouver,+1 604-872-7858,https://www.mec.ca/en/stores/vancouver?utm_medium=organic&utm_source=google&utm_campaign=my-business-listings&utm_content=vancouver
181,MEC Langley,+1 604-534-4570,https://www.mec.ca/en/stores/langley?utm_medium=organic&utm_source=google&utm_campaign=my-business-listings&utm_content=langley
182,Atmosphere Canada,+1 250-751-1425,https://www.atmosphere.ca/stores/country-club.html?utm_source=Organic%20Search&utm_medium=LSS
183,"ROAM Shop, Rivers Oceans And Mountains",+1 250-354-2056,http://roamshop.com/
184,Valhalla Pure Outfitters,+1 250-542-3537,http://www.vpo.ca/
185,Atmosphere Canada,+1 604-755-3650,https://www.atmosphere.ca/stores/west-oaks.html?utm_source=Organic%20Search&utm_medium=LSS
186,Skyview Outdoors,+1 604-580-3777,https://skyviewcamping.com/
187,Atmosphere,+1 250-563-9914,https://www.atmosphere.ca/
188,Coast Outdoors,+1 604-987-2202,http://www.coastoutdoors.ca/
189,Styrmir Gear,+1 604-997-8446,https://styrmir-gear.business.site/?utm_source=gmb&utm_medium=referral
190,Purcell Outdoors,+1 778-481-5300,https://www.facebook.com/purcelloutdoors/
191,MEC North Vancouver,+1 604-990-4417,https://www.mec.ca/en/stores/north-vancouver?utm_medium=organic&utm_source=google&utm_campaign=my-business-listings&utm_content=north-vancouver
192,True Outdoors Kamloops,+1 250-377-0157,http://www.trueoutdoors.ca/
193,High Country Sportswear,+1 250-489-4661,http://highcountrysports.ca/
194,MEC Victoria,+1 250-386-2667,https://www.mec.ca/en/stores/victoria?utm_medium=organic&utm_source=google&utm_campaign=my-business-listings&utm_content=victoria
195,Outdoor Essentials,+1 250-877-7744,http://www.bvoutdoors.com/
196,Mountain Warehouse,+1 778-366-1280,https://www.mountainwarehouse.com/ca/stores/wil/willowbrook-shopping-centre/
197,Princeton Outdoor Supply,+1 250-295-0450,https://www.google.com/search?q=outdoor+sport+stores+in+british+columbia&rlz=1C1CHBF_enKE923KE927&biw=1036&bih=538&sz=0&tbm=lcl&ei=BPwBYs7lKIzokgXsn6uwCw&oq=outdoor+sport+stores+in+british+columbia&gs_l=psy-ab.12...0.0.0.7398.0.0.0.0.0.0.0.0..0.0....0...1c..64.psy-ab..0.0.0....0.QEn4-y_QP6I#
198,MEC Kelowna,+1 250-448-7637,https://www.mec.ca/en/stores/kelowna?utm_medium=organic&utm_source=google&utm_campaign=my-business-listings&utm_content=kelowna
199,Cabela's Abbotsford,+1 604-425-1800,https://www.cabelas.ca/
200,Valhalla Pure Outfitters,+1 604-892-9092,http://vpo.ca/
201,Eskala Mountain Sports,+1 236-422-3733,http://www.eskalamountainsports.com/
202,Mountain Man Outdoors,+1 250-426-2717,https://www.mmoutdoors.ca/
203,Valhalla Pure Outfitters,+1 250-871-3963,http://www.vpo.ca/
204,The North Face Store,+1 604-687-4542,http://thenorthfacevancouver.ca/
205,Mountain Warehouse,+1 604-589-0325,https://www.mountainwarehouse.com/ca/stores/gfd/guildford---british-columbia/
206,Fjällräven Vancouver,+1 604-559-1369,https://fjallraven.ca/
207,Spud Valley Sporting Goods Ltd,+1 604-894-6630,https://spudvalley.com/
208,Sport Chek,+1 604-687-7668,https://www.sportchek.ca/stores/robson.html?utm_source=Organic%20Search&utm_medium=LSS
209,Sporting Life,+1 604-676-3940,http://www.sportinglife.ca/
210,Woods N' Water Sports & Recreation,+1 250-692-4842,https://m.facebook.com/woodsnwatersports/
211,Arc’teryx North Vancouver Outlet,+1 604-960-3119,https://stores.arcteryx.com/shop/NorthVancouver
212,Bass Pro Shops,+1 604-948-6200,https://www.cabelas.ca/find-a-store/tsawwassen/37?y_source=1_MzY5NTMwNi03MTUtbG9jYXRpb24ud2Vic2l0ZQ%3D%3D
213,Rocky Peak Adventure Gear,+1 250-992-2947,http://www.rocky-peak.ca/
214,Kingdom Carbon,+1 604-816-6666,http://kingdomcarbon.com/
215,Jennings Outdoor Sports,+1 250-372-4888,http://jenningsoutdoorsports.com/
216,Eco Outdoor Sports Ltd,N/A,https://www.google.com/search?q=outdoor+sport+stores+in+british+columbia&rlz=1C1CHBF_enKE923KE927&biw=1036&bih=538&sz=0&tbm=lcl&ei=BPwBYs7lKIzokgXsn6uwCw&oq=outdoor+sport+stores+in+british+columbia&gs_l=psy-ab.12...0.0.0.7398.0.0.0.0.0.0.0.0..0.0....0...1c..64.psy-ab..0.0.0....0.QEn4-y_QP6I#
217,Winners Edge,+1 250-256-4848,https://www.google.com/search?q=outdoor+sport+stores+in+british+columbia&rlz=1C1CHBF_enKE923KE927&biw=1036&bih=538&sz=0&tbm=lcl&ei=BPwBYs7lKIzokgXsn6uwCw&oq=outdoor+sport+stores+in+british+columbia&gs_l=psy-ab.12...0.0.0.7398.0.0.0.0.0.0.0.0..0.0....0...1c..64.psy-ab..0.0.0....0.QEn4-y_QP6I#
218,Cabela's Nanaimo,+1 250-390-7800,http://www.cabelas.ca/find-a-store/nanaimo/12
219,WILDMANS OUTDOOR STORE,+1 250-593-0004,https://www.google.com/search?q=outdoor+sport+stores+in+british+columbia&rlz=1C1CHBF_enKE923KE927&biw=1036&bih=538&sz=0&tbm=lcl&ei=BPwBYs7lKIzokgXsn6uwCw&oq=outdoor+sport+stores+in+british+columbia&gs_l=psy-ab.12...0.0.0.7398.0.0.0.0.0.0.0.0..0.0....0...1c..64.psy-ab..0.0.0....0.QEn4-y_QP6I#
220,River Sportsman,+1 250-286-1017,http://riversportsman.com/
221,Free Spirit Sports & Leisure,+1 250-837-9453,http://www.freespiritsports.com/
222,Sport Chek,+1 604-278-5461,https://www.sportchek.ca/stores/richmond.html?utm_source=Organic%20Search&utm_medium=LSS
223,Sport Chek,+1 604-874-6530,https://www.sportchek.ca/
224,Arc'teryx Vancouver,+1 604-416-1588,https://stores.arcteryx.com/vancouver
225,Mountain Warehouse,+1 250-390-2042,https://www.mountainwarehouse.com/ca/stores/nan/nanaimo/
226,Mountain Warehouse,+1 604-247-0901,https://www.mountainwarehouse.com/ca/stores/vmg/vancouver-mcarthurglen/
227,Sport Chek,+1 250-635-1508,https://www.sportchek.ca/stores/terrace.html?utm_source=Organic%20Search&utm_medium=LSS
228,Valhalla Pure Outfitters,+1 250-837-5517,http://vpo.ca/
229,Stillwater Sports Ltd,+1 604-946-9933,http://www.stillwatersports.ca/
230,Taiga Works,+1 604-875-6644,http://www.taigaworks.com/
231,Pawnbroker Exeter,+1 250-395-4626,http://www.100milehouse.ca/business/100-mile/exeter-sporting-goods.html
232,Powell River Outdoors,+1 604-485-4868,http://www.proutdoors.com/
233,Lighthouse Lures,+1 604-512-5520,https://www.lighthouselures.com/
234,GCK Sports Inc.,+1 250-858-6953,http://gcksports.com/
235,Sport Chek,+1 250-388-5103,https://www.sportchek.ca/stores/victoria-bay-centre.html?utm_source=Organic%20Search&utm_medium=LSS
236,Westside Stores,+1 250-832-8141,http://www.westsidestores.ca/
237,Blue Toque Sport Swap,+1 250-871-0302,https://bluetoquesports.com/
238,Trampoline Shop,+1 604-576-8050,http://trampolineshop.com/
239,Outdoor Gear Canada,+1 604-324-6900,https://www.ogc.ca/
240,Sports Junkies Clearance Center,+1 604-879-6000,http://www.sportsjunkies.com/
241,Avalanche Safety Solutions,+1 250-344-8606,http://www.avalanchesafety.ca/
242,Sport Chek,+1 604-922-3336,https://www.sportchek.ca/stores/park-royal.html?utm_source=Organic%20Search&utm_medium=LSS
243,CMP Sports,+1 250-774-2944,https://www.google.com/search?q=outdoor+sport+stores+in+british+columbia&rlz=1C1CHBF_enKE923KE927&biw=1036&bih=538&sz=0&tbm=lcl&ei=BPwBYs7lKIzokgXsn6uwCw&oq=outdoor+sport+stores+in+british+columbia&gs_l=psy-ab.12...0.0.0.7398.0.0.0.0.0.0.0.0..0.0....0...1c..64.psy-ab..0.0.0....0.QEn4-y_QP6I#
244,Sport Chek,+1 250-746-6332,https://www.sportchek.ca/stores/duncan-mall.html?utm_source=Organic%20Search&utm_medium=LSS
245,Backcountry,+1 250-785-1461,http://backcountryfsj.com/
246,Sport Chek,+1 250-334-4676,https://www.sportchek.ca/stores/courtenay.html?utm_source=Organic%20Search&utm_medium=LSS
247,Patagonia,+1 604-732-8670,https://www.patagonia.ca/patagonia-vancouver-canada/store_735639866.html
248,Valhalla Pure Outfitters New Denver,+1 250-358-7755,http://vpo.ca/t-VPO.StoreLocator.New%20Denver.aspx
249,Patagonia Whistler,+1 604-932-2526,https://www.google.com/search?q=outdoor+sport+stores+in+british+columbia&rlz=1C1CHBF_enKE923KE927&biw=1036&bih=538&sz=0&tbm=lcl&ei=BPwBYs7lKIzokgXsn6uwCw&oq=outdoor+sport+stores+in+british+columbia&gs_l=psy-ab.12...0.0.0.7398.0.0.0.0.0.0.0.0..0.0....0...1c..64.psy-ab..0.0.0....0.QEn4-y_QP6I#
250,Unbound Gear & Apparel,+1 778-634-3327,https://www.google.com/search?q=outdoor+sport+stores+in+british+columbia&rlz=1C1CHBF_enKE923KE927&biw=1036&bih=538&sz=0&tbm=lcl&ei=BPwBYs7lKIzokgXsn6uwCw&oq=outdoor+sport+stores+in+british+columbia&gs_l=psy-ab.12...0.0.0.7398.0.0.0.0.0.0.0.0..0.0....0...1c..64.psy-ab..0.0.0....0.QEn4-y_QP6I#
251,Sport Chek,+1 250-426-5090,https://www.sportchek.ca/stores/cranbrook.html?utm_source=Organic%20Search&utm_medium=LSS
252,Sport Chek,+1 604-454-9396,https://www.sportchek.ca/stores/metropolis-metrotown.html?utm_source=Organic%20Search&utm_medium=LSS
253,Lone Butte Sporting Goods,+1 250-395-2217,http://www.lbsportinggoods.com/
254,Sport Chek,+1 604-870-8944,https://www.sportchek.ca/stores/sevenoaks-shopping-centre.html?utm_source=Organic%20Search&utm_medium=LSS
255,Survival and Outdoor Specialty Gear,+1 778-225-0500,http://sosgear.ca/
256,"Innerspace Watersports, Inc.",+1 250-763-2040,http://innerspacewatersports.com/
257,Bucky's Sport Shop Ltd,+1 250-746-4923,https://buckys-sports.com/
258,Corlane Sporting Goods Ltd,+1 250-782-2111,http://www.corlanes.com/
259,Sport Chek,+1 250-860-7669,https://www.sportchek.ca/stores/kelowna.html?utm_source=Organic%20Search&utm_medium=LSS
260,Trail Bay Source For Sports,+1 604-885-2512,https://www.sourceforsports.ca/pages/trail-bay-source-for-sports-sechelt
261,All Seasons Source For Sports,+1 250-635-2982,https://www.sourceforsports.ca/pages/all-seasons-source-for-sports-terrace
262,STRUB Activewear,+1 604-899-0899,http://www.strub.ca/
263,Island Outfitters Ltd.,+1 250-475-4969,http://www.islandoutfitters.ca/
264,L.L.Bean,+1 250-220-7347,https://www.llbean.ca/Victoria.html
265,Mawson’s Sports,+1 250-428-4130,https://www.google.com/search?q=outdoor+sport+stores+in+british+columbia&rlz=1C1CHBF_enKE923KE927&biw=1036&bih=538&sz=0&tbm=lcl&ei=BPwBYs7lKIzokgXsn6uwCw&oq=outdoor+sport+stores+in+british+columbia&gs_l=psy-ab.12...0.0.0.7398.0.0.0.0.0.0.0.0..0.0....0...1c..64.psy-ab..0.0.0....0.QEn4-y_QP6I#
266,"Knives, Knives, Knives!",+1 604-812-8376,N/A
267,Local Supply Co.,+1 250-847-5388,http://localsupplyco.ca/
268,"Lockhart Tactical - Miltary, Law Enforcement, Outdoor Equipment, Safety Gear, Bear Protection, Signalling Flares",+1 250-715-7290,http://www.lockharttactical.com/STATAS
269,Trampoline Shop,+1 604-576-8050,https://trampolineshop.com/
270,Timberland Sport Ctr Ltd,+1 250-956-3544,https://www.timberlandsports.ca/
271,Rent Outdoors,+1 604-357-4770,N/A
272,Sport Chek,+1 250-847-1650,https://www.sportchek.ca/stores/smithers-mall.html?utm_source=Organic%20Search&utm_medium=LSS
273,North Road Sports Ltd,+1 250-247-9998,http://www.northroadsports.com/
274,Fjällräven Victoria,+1 250-590-4422,http://www.fjallraven.us/
275,Sport Chek,+1 250-390-1581,https://www.sportchek.ca/stores/woodgrove-centre.html?utm_source=Organic%20Search&utm_medium=LSS
276,Mallard's Source For Sports,+1 250-365-5588,https://www.sourceforsports.ca/pages/mallards-source-for-sports-castlegar
277,Gerick Cycle & Sports,+1 250-364-1661,https://www.google.com/search?q=outdoor+sport+stores+in+british+columbia&rlz=1C1CHBF_enKE923KE927&biw=1036&bih=538&sz=0&tbm=lcl&ei=BPwBYs7lKIzokgXsn6uwCw&oq=outdoor+sport+stores+in+british+columbia&gs_l=psy-ab.12...0.0.0.7398.0.0.0.0.0.0.0.0..0.0....0...1c..64.psy-ab..0.0.0....0.QEn4-y_QP6I#
278,Snowpack Outdoor Experiences Ltd,+1 250-352-6411,https://www.snowpack.ca/
279,Country Wide Sports,+1 250-845-0022,https://m.facebook.com/Countrywide-Sports-219606964740803/?ref=page_internal&mt_nav=0
280,Western Canoeing and Kayaking,+1 604-853-9320,https://westerncanoekayak.com/
281,POCO Military and Outdoor Supplies,+1 778-278-2205,https://www.pocomilitary.com/
282,Fjällräven Kitsilano,+1 778-379-6057,http://www.fjallraven.com/
283,Alpha Adventures- Outdoor Adventure Store,+1 604-885-8838,http://www.outdooradventurestore.ca/
284,Party-Pads.com,+1 250-300-8768,N/A
285,North Shore Sports Swap,+1 604-983-2272,http://www.nvansportsswap.ca/
286,GUN FISHIN,+1 250-378-9046,https://www.facebook.com/GUNFISHIN/
287,Sea-Sport Outboard Marina Ltd,+1 250-624-5337,http://www.seasport.ca/
288,Surplus Herby's,+1 800-663-2887,http://www.surplusherbys.com/
289,Gerick Sports,+1 250-426-6171,http://www.gericksports.com/
290,Patagonia Victoria,+1 778-406-0660,http://www.patagoniaelements.ca/
291,Antler Creek Outfitters,+1 250-769-6565,http://www.antlercreekoutfitters.ca/
292,Cheapskates,+1 604-222-1125,http://cheapskatesvancouver.com/
293,BlackTusk Paddleboards,+1 604-907-9371,https://www.blacktuskpaddleboards.com/
294,Columbia Factory Store,+1 778-383-9408,https://stores.columbia.com/richmond-factory-store
295,Time Out Source For Sports,+1 604-980-9211,https://www.timeoutsports.ca/
296,The Rockies Collection,N/A,https://www.therockiescollection.com/
297,Mad Dog's Ski & Board Abbotsford,+1 604-859-4112,https://maddogsskiandboard.ca/
298,Sportstop Source For Sports,+1 604-932-5495,https://www.evo.com/en-ca/locations/whistler/sportstop?utm_source=GMBlisting&utm_medium=organic
299,GearHub Sports,+1 250-423-5555,https://www.gearhub.ca/
300,Pacific Boarder,+1 604-734-7245,http://www.pacificboarder.com/
301,Peak Performance Clothing Store Whistler,+1 604-905-1183,http://www.peak-whistler.com/
302,Capra Running,+1 604-390-2786,https://www.capra.run/
303,Surplus Herby's,+1 800-665-4533,http://www.surplusherbys.com/
304,"Aquabatics Kayaks, Canoes & Paddleboards",+1 250-847-3678,https://aquabatics-smithers.shoplightspeed.com/
305,Boomtown Sports Inc.,+1 250-505-5055,http://boomtownsports.com/
306,Columbia Cycle & Ski,+1 250-342-6164,http://www.columbiacycle.ca/
307,West Coast Hunting Supplies Inc.,+1 604-279-9956,http://westcoasthunting.ca/
308,Boorman Archery,+1 604-524-1674,https://boormanarchery.com/
309,Sun Valley Source For Sports,+1 250-542-2852,https://www.sourceforsports.ca/pages/sun-valley-source-for-sports-vernon
310,Kaslo Adventure Centre,+1 250-353-1925,http://www.kasloadventurecentre.com/
311,Westley Military Surplus,+1 604-521-8883,http://www.westleysurplus.com/
312,BC Outdoors Magazine,+1 604-820-3400,https://www.bcoutdoorsmagazine.com/
313,Frank's Supermarket,+1 250-747-2092,https://m.facebook.com/frankssm
314,Play It Again Sports,+1 778-484-0048,http://www.playitagainsportskelowna.com/
315,Trout Waters Fly & Tackle,+1 250-860-2262,http://www.troutwaters.ca/
316,Sundance Trampolines,+1 604-683-4331,http://sundancetrampolines.com/
317,Ocean River Sports,+1 250-381-4233,https://www.oceanriver.com/
318,The Hockey Shop Source For Sports,+1 604-589-8299,http://www.thehockeyshop.com/
319,Rack Attack Kelowna,+1 778-721-0360,https://www.rackattack.com/store/kelowna/
320,Forest Power Sports,+1 250-563-1021,https://www.forestpowersports.com/?utm_source=google&utm_medium=organic&utm_campaign=GMB-service
321,Oscar's Source For Adventure,+1 250-847-3377,http://oscarssports.com/
322,Evergreen Industrial Supplies,+1 250-847-4456,http://evergreenindustrial.ca/?utm_source=google&utm_medium=organic&utm_campaign=GMB-service
323,Joint Force Tactical,+1 604-705-0600,https://www.jointforcetactical.com/
324,Fresh Air Kelowna - Harvey,+1 250-763-9544,http://www.freshair.ca/?utm_source=google&utm_medium=organic&utm_campaign=gmb-freshairharvey
325,Outdoor Adventures,+1 250-692-3777,http://loveburnslake.com/businesses/outdoor-adventures
326,Fish Tales Tackle Shop,+1 778-764-2327 ext. 5,https://www.fishtalesterrace.com/
327,Play Stores Inc.,+1 250-762-9023,https://www.playstores.ca/
328,Outer Coast Outfitters,+1 250-622-2029,http://outercoast.ca/
329,Fitness Superstore,+1 778-766-2441,http://www.fitness-superstore.ca/
330,Canadian Tire,+1 250-847-3117,https://www.canadiantire.ca/en/store-details/bc/smithers-bc.store.html?utm_source=google&utm_medium=lss&utm_content=631
331,Marty's Mountain Cycle: MMC,+1 250-383-3337,https://www.martysmountaincycle.com/
332,Panther Paintball & Airsoft Sports Park,+1 604-533-0890,http://www.pantherpaintball.com/
333,Canadian Tire,+1 250-635-7178,https://www.canadiantire.ca/en/store-details/bc/terrace-bc.store.html?utm_source=google&utm_medium=lss&utm_content=486
334,Monod Sports Ltd,+1 403-762-4571,https://www.monodsports.com/
335,7R Outdoors,N/A,https://7routdoors.com/
336,Storm The Tofino Surf Shop,+1 250-725-3344,https://stormcanada.ca/
337,North Beach Surf Shop,+1 250-626-7873,http://northbeachsurfshop.com/
338,Golf Ball Planet,+1 877-453-2255,https://golfballplanet.com/
339,Barrett Hat Hiking Trail,+1 250-845-2238,http://houstonhikers.ca/
340,Canadian Tire,+1 604-532-4411,https://www.canadiantire.ca/en/store-details/bc/langley-bc.store.html?utm_source=google&utm_medium=lss&utm_content=426
341,Life Cycles Bike Shop,+1 604-859-2453,http://www.lifecyclesbikes.com/
342,Canadian Tire,+1 250-964-8258,https://www.canadiantire.ca/en/store-details/bc/prince-george-bc0.store.html?utm_source=google&utm_medium=lss&utm_content=360
343,Kelowna Cycle,+1 250-762-2453,https://www.kelownacycle.ca/
344,Vancouver Water Adventures LTD.,+1 604-736-5155,http://www.vancouverwateradventures.com/
345,Earthern Ware Ltd,+1 250-567-4800,https://www.google.com/search?q=outdoor+sport+stores+in+british+columbia&rlz=1C1CHBF_enKE923KE927&biw=1036&bih=538&sz=0&tbm=lcl&ei=BPwBYs7lKIzokgXsn6uwCw&oq=outdoor+sport+stores+in+british+columbia&gs_l=psy-ab.12...0.0.0.7398.0.0.0.0.0.0.0.0..0.0....0...1c..64.psy-ab..0.0.0....0.QEn4-y_QP6I#
346,Prince George Motorsports,+1 250-562-4151,http://pgmotorsports.ca/
347,Canadian Tire,+1 250-782-9552,https://www.canadiantire.ca/en/store-details/bc/dawson-creek-bc.store.html?utm_source=google&utm_medium=lss&utm_content=661
348,Canadian Tire,+1 604-982-9100,https://www.canadiantire.ca/en/store-details/bc/north-vancouver-main-bc.store.html?utm_source=google&utm_medium=lss&utm_content=601
349,Canadian Tire,+1 250-374-9747,https://www.canadiantire.ca/en/store-details.bc.kamloops-south-bc.html?utm_source=google&utm_medium=lss&utm_content=355
350,Winners,+1 250-635-0883,https://www.winners.ca/
351,Unightie,+1 403-988-3106,http://www.unightie.com/
352,Walmart Supercentre,+1 250-615-4728,https://www.walmart.ca/en/stores-near-me/terrace-store-5834?utm_source=local&utm_medium=listings&utm_campaign=sc&cmpid=gmb
353,North Fork Tactical,+1 360-208-0346,http://www.northforktactical.com/
354,Sea to Sky Gondola,+1 604-892-2550,https://www.seatoskygondola.com/
355,What's In Store,+1 250-632-2354,https://www.google.com/search?q=outdoor+sport+stores+in+british+columbia&rlz=1C1CHBF_enKE923KE927&biw=1036&bih=538&sz=0&tbm=lcl&ei=BPwBYs7lKIzokgXsn6uwCw&oq=outdoor+sport+stores+in+british+columbia&gs_l=psy-ab.12...0.0.0.7398.0.0.0.0.0.0.0.0..0.0....0...1c..64.psy-ab..0.0.0....0.QEn4-y_QP6I#
356,Glamping Dome Store | Glamping Geodesic Domes | Restaurant Domes | Geodesic Event Domes | Dome Tent Kits,+1 855-713-3663,http://www.glampingdomestore.com/
357,Atmosphere,+1 204-275-2775,https://www.atmosphere.ca/
358,Atmosphere Canada,+1 204-772-2822,https://www.atmosphere.ca/stores/polo-park-north.html?utm_source=Organic%20Search&utm_medium=LSS
359,Harvester Outdoors,+1 888-321-5728,https://www.google.com/search?q=outdoor+sport+stores+in+manitoba&rlz=1C1CHBF_enKE923KE927&biw=1036&bih=538&sz=0&tbm=lcl&ei=SAECYvDMH7LBlAbzt7_IBg&oq=outdoor+sport+stores+in+manitoba&gs_l=psy-ab.12...0.0.0.7449.0.0.0.0.0.0.0.0..0.0....0...1c..64.psy-ab..0.0.0....0.xir13P1pTQI#
360,MEC Winnipeg,+1 204-943-4202,https://www.mec.ca/en/stores/winnipeg?utm_medium=organic&utm_source=google&utm_campaign=my-business-listings&utm_content=winnipeg
361,Cabela's Winnipeg,+1 204-786-8966,http://www.cabelas.ca/find-a-store/winnipeg/1
362,Sport Chek,+1 204-275-2775,https://www.sportchek.ca/stores/linden-ridge.html?utm_source=Organic%20Search&utm_medium=LSS
363,Wilderness Supply,+1 204-783-9555,http://www.wildernesssupply.ca/
364,LOTW Sports Headquarters (Winnipeg),+1 204-221-7488,https://sportsheadquarters.ca/
365,Sport Chek,+1 204-669-0808,https://www.sportchek.ca/stores/kildonan.html?utm_source=Organic%20Search&utm_medium=LSS
366,Sport Chek,+1 204-257-7418,https://www.sportchek.ca/stores/st-vital-centre.html?utm_source=Organic%20Search&utm_medium=LSS
367,Mountain Warehouse,+1 204-453-4884,https://www.mountainwarehouse.com/ca/stores/wpg/winnipeg/
368,CSI Sporting Goods Canada,+1 204-284-1874,http://csisports.ca/
369,Sport Chek,+1 204-772-9541,https://www.sportchek.ca/stores/polo-park.html?utm_source=Organic%20Search&utm_medium=LSS
370,The Prairie Summit Shop Winnipeg / The North Face,+1 204-284-8631,http://www.prairiesummitshop.com/
371,Royal Sports,+1 204-453-7437,https://sportsexcellence.com/en_ca/
372,Tamarack Casual and Outdoor Clothing,+1 204-944-9287,http://tamarackclothing.com/
373,Sport Chek,+1 204-888-4554,https://www.sportchek.ca/stores/unicity.html?utm_source=Organic%20Search&utm_medium=LSS
374,FXR Factory Outlet Super Store - Winnipeg,+1 204-586-2397,http://ca.fxrracing.com/
375,Sport Chek,+1 204-725-2545,https://www.sportchek.ca/stores/brandon-shoppers-world.html?utm_source=Organic%20Search&utm_medium=LSS
376,Home Run Sports | Kahunaverse Sports Group,+1 204-255-7687,http://www.kahunaverse.com/
377,Pembina Source For Sports,+1 204-275-3406,https://www.sourceforsports.ca/pages/pembina-source-for-sports-winnipeg
378,Lifesport Ltd,+1 204-475-2352,http://www.lifesportshops.com/
379,Rat River Outdoors Inc.,+1 204-433-3087,http://ratriveroutdoors.com/
380,Sport Chek,+1 204-785-9620,https://www.sportchek.ca/stores/selkirk.html?utm_source=Organic%20Search&utm_medium=LSS
381,Jo-Brook Firearms,+1 204-727-3552,https://www.jobrookoutdoors.com/
382,Sport Chek,+1 204-320-1984,https://www.sportchek.ca/stores/clearspring-centre.html?utm_source=Organic%20Search&utm_medium=LSS
383,Urban Tactical (Winnipeg),+1 204-989-1001,https://www.urbantactical.com/
384,Play It Again Sports Winnipeg North,+1 204-334-7771,https://www.playitagainsports.com/locations/winnipeg-mb-north
385,Sampson's Sporting Life Ltd,+1 204-453-5652,http://www.sampsonsportinglife.ca/
386,Source For Sports,+1 204-326-3631,https://www.sourceforsports.ca/pages/source-for-sports-steinbach
387,Play It Again Sports South,+1 204-256-1115,http://www.playitagainsportswinnipeg.com/
388,Interlake Outdoors,+1 204-461-3320,https://www.google.com/search?q=outdoor+sport+stores+in+manitoba&rlz=1C1CHBF_enKE923KE927&biw=1036&bih=538&sz=0&tbm=lcl&ei=SAECYvDMH7LBlAbzt7_IBg&oq=outdoor+sport+stores+in+manitoba&gs_l=psy-ab.12...0.0.0.7449.0.0.0.0.0.0.0.0..0.0....0...1c..64.psy-ab..0.0.0....0.xir13P1pTQI#
389,Fehr's Sporting Goods Inc.,+1 431-205-6333,http://www.fehrssportinggoods.com/
390,MacDonalds Sporting Goods,+1 204-857-3496,http://www.macdonaldsportinggoods.com/
391,adidas Outlet Store Winnipeg,+1 204-475-0550,https://go.adidas.com/ihha/11c0ab86
392,Stream N Wood,+1 204-727-2767,http://www.streamnwood.com/
393,Dominion Outdoors,+1 204-325-4110,http://www.dominionoutdoors.ca/
394,Champs Sports,+1 204-774-8149,https://stores.champssports.ca/ca/mb/winnipeg/1485-portage-ave
395,Winnipeg Outfitters Inc.,+1 800-665-0193,http://www.outfitters.ca/
396,Mark's,+1 204-663-4824,https://www.marks.com/en/stores/winnipeg-2-1580-regent-avenue-w-u6-crossroads-station-shopping-ctr.html?utm_source=Google&utm_medium=GMB&utm_campaign=GMB_Listing
397,Alter Ego Sports,+1 204-475-4908,http://alteregosports.com/
398,Brandon Source For Sports,+1 204-727-0756,https://www.sourceforsports.ca/pages/brandon-source-for-sports
399,Royal Sports Raleigh,+1 204-668-4584,https://sportsexcellence.com/en_ca/retailer/7846.html
400,Stonybrook paddle,+1 204-381-7047,N/A
401,Under Armour Factory House,+1 204-452-3143,https://store-locations.underarmour.com/mb/winnipeg/UAFH-555SLPS315/?utm_source=google&utm_medium=organic&utm_campaign=maps/
402,Doug's Source For Sports,+1 204-677-1888,https://www.sourceforsports.ca/pages/dougs-source-for-sports-thompson
403,Mark's,+1 204-488-7922,https://www.marks.com/en/stores/kenaston-1585-kenaston-blvd.html?utm_source=Google&utm_medium=GMB&utm_campaign=GMB_Listing
404,LOTW Sports Headquarters (Kenora),+1 807-468-4637,https://sportsheadquarters.ca/
405,WSL Sport & Leisure,+1 204-987-5640,http://www.wslsport.com/
406,Mark's,+1 204-256-5092,https://www.marks.com/en/stores/winnipeg-4-785-dakota-street.html?utm_source=Google&utm_medium=GMB&utm_campaign=GMB_Listing
407,Olympic Source For Sports,+1 204-822-5874,https://www.sourceforsports.ca/pages/olympic-source-for-sports-morden
408,Mark's,+1 204-783-1471,https://www.marks.com/en/stores/winnipeg-1-120-600-empress-street.html?utm_source=Google&utm_medium=GMB&utm_campaign=GMB_Listing
409,Black's Cycle & Sporting Goods Ltd,+1 204-638-4751,https://www.google.com/search?q=outdoor+sport+stores+in+manitoba&rlz=1C1CHBF_enKE923KE927&biw=1036&bih=538&sz=0&tbm=lcl&ei=SAECYvDMH7LBlAbzt7_IBg&oq=outdoor+sport+stores+in+manitoba&gs_l=psy-ab.12...0.0.0.7449.0.0.0.0.0.0.0.0..0.0....0...1c..64.psy-ab..0.0.0....0.xir13P1pTQI#
410,Eddie Bauer,+1 204-786-2110,https://www.eddiebauer.ca/
411,Headingley Sport Shop,+1 204-889-5377,https://www.headingleysport.com/
412,Mark's,+1 204-338-6789,https://www.marks.com/en/stores/winnipeg-north-915-leila-avenue.html?utm_source=Google&utm_medium=GMB&utm_campaign=GMB_Listing
413,Enns Brothers Winnipeg East,+1 204-233-3667,http://ennsbros.com/
414,Ironman Outdoor Curling,+1 204-831-8816,http://ironmancurling.com/
415,Canadian Tire,+1 204-269-9630,https://www.canadiantire.ca/en/store-details/mb/winnipeg-kenaston-mb.store.html?utm_source=google&utm_medium=lss&utm_content=223
416,Dembos Kick It,+1 204-687-8577,https://www.facebook.com/kickitflinflon/
417,Canadian Tire,+1 204-254-5169,https://www.canadiantire.ca/en/store-details/mb/winnipeg-st-boniface-mb.store.html
418,Corydon Cycle & Sports,+1 204-452-6531,https://www.facebook.com/pages/category/Bicycle-Shop/Corydon-Cycle-Sports-254714091250824/
419,Adventure Power Products Ltd,+1 204-878-3194,http://www.adventurepowerproducts.com/
420,Mark's,+1 204-785-1021,https://www.marks.com/en/stores/selkirk-1031-manitoba-avenue.html?utm_source=Google&utm_medium=GMB&utm_campaign=GMB_Listing
421,Canadian Tire,+1 204-233-8000,https://www.canadiantire.ca/en/store-details/mb/winnipeg-grant-park-mb.store.html?utm_source=google&utm_medium=lss&utm_content=929
422,Mark's,+1 204-725-1508,https://www.marks.com/en/stores/brandon-911-18-street-n-corral-centre.html?utm_source=Google&utm_medium=GMB&utm_campaign=GMB_Listing
423,Canadian Tire,+1 204-632-5212,https://www.canadiantire.ca/en/store-details/mb/winnipeg-mcphillips-mb.store.html?utm_source=google&utm_medium=lss&utm_content=345
424,Canadian Tire,+1 204-943-0311,https://www.canadiantire.ca/en/store-details.mb.winnipeg-polo-park-mb0.html?utm_source=google&utm_medium=lss&utm_content=248
425,Hudson's Bay,+1 204-255-1227,http://locations.thebay.com/en/hudsons-bay-st-vital
426,Hudson’s Bay,+1 204-975-3228,http://locations.thebay.com/en/hudsons-bay-polo-park
427,Northern Bicycle Co.,+1 204-837-6785,http://www.northernbicycle.ca/
428,Mark's,+1 204-677-8165,https://www.marks.com/en/stores/thompson-300-mystery-lake-road.html?utm_source=Google&utm_medium=GMB&utm_campaign=GMB_Listing
429,Canadian Tire,+1 204-888-0280,https://www.canadiantire.ca/en/store-details/mb/winnipeg-unicity-shopping-centre-mb.store.html?utm_source=google&utm_medium=lss&utm_content=252
430,Home & Garden RONA / Winnipeg (South),+1 204-487-7662,https://www.rona.ca/en/store/manitoba/winnipeg/home-garden-rona-winnipeg-south-64870?cm_mmc=organic_search-_-yext-_-gmb-_-website&utm_medium=organic_search&utm_source=yext&utm_campaign=gmb&utm_content=website&y_source=1_MzkxNzY3Ny03MTUtbG9jYXRpb24ud2Vic2l0ZQ%3D%3D
431,Canadian Tire,+1 204-482-8473,https://www.canadiantire.ca/en/store-details/mb/selkirk-mb.store.html?utm_source=google&utm_medium=lss&utm_content=447
432,Home & Garden RONA / Winnipeg (Central),+1 204-774-7389,https://www.rona.ca/en/store/manitoba/winnipeg/home-garden-rona-winnipeg-central-64890?cm_mmc=organic_search-_-yext-_-gmb-_-website&utm_medium=organic_search&utm_source=yext&utm_campaign=gmb&utm_content=website&y_source=1_MzkxNzY4MS03MTUtbG9jYXRpb24ud2Vic2l0ZQ%3D%3D
433,Straight Bay Outdoors,N/A,N/A
434,Ocean Trail Source For Adventure,+1 506-855-2040,https://www.facebook.com/oceantrailsourceforadventure/?fref=ts
435,Outdoor Elements,+1 506-433-3060,http://www.shopoutdoorelements.ca/
436,The Armoury,N/A,https://www.google.com/search?q=outdoor+sport+stores+in+new+brunswick&rlz=1C1CHBF_enKE923KE927&biw=1036&bih=538&sz=0&tbm=lcl&ei=OQMCYs7pLI_8sAfwoJWIAw&oq=outdoor+sport+stores+in+new+brunswick&gs_l=psy-ab.12...0.0.0.6023.0.0.0.0.0.0.0.0..0.0....0...1c..64.psy-ab..0.0.0....0.WyJSuq0gv9c#
437,River & Trail Outdoor Co Inc,+1 506-849-7717,http://www.riverandtrail.ca/
438,Bass Pro Shops,+1 506-878-5200,https://www.cabelas.ca/find-a-store/dieppe/33?y_source=1_MzUzNjUyMi03MTUtbG9jYXRpb24ud2Vic2l0ZQ%3D%3D
439,The Radical Edge,+1 844-459-3478,http://radicaledge.ca/
440,OutdoorsNB Inc,+1 506-650-4686,http://www.outdoorsnb.com/
441,Doiron Sports Excellence / Doiron Outfitters,+1 506-672-1288,http://www.doironsports.ca/
442,Miramichi-Pronature,+1 506-622-1818,http://www.groupepronature.ca/
443,Sport Chek,+1 506-474-0625,https://www.sportchek.ca/stores/regent-mall.html?utm_source=Organic%20Search&utm_medium=LSS
444,Fundy Outdoor Equipment,+1 506-609-3716,https://www.google.com/search?q=outdoor+sport+stores+in+new+brunswick&rlz=1C1CHBF_enKE923KE927&biw=1036&bih=538&sz=0&tbm=lcl&ei=OQMCYs7pLI_8sAfwoJWIAw&oq=outdoor+sport+stores+in+new+brunswick&gs_l=psy-ab.12...0.0.0.6023.0.0.0.0.0.0.0.0..0.0....0...1c..64.psy-ab..0.0.0....0.WyJSuq0gv9c#
445,Atlantic Outdoor,+1 506-387-3000,http://www.atlanticoutdoor.ca/
446,Sport Chek,+1 506-858-0160,https://www.sportchek.ca/stores/champlain-place.html?utm_source=Organic%20Search&utm_medium=LSS
447,Sport Chek,+1 506-382-9302,https://www.sportchek.ca/stores/northwest-centre.html?utm_source=Organic%20Search&utm_medium=LSS
448,The Kayak Exchange,+1 506-961-1326,http://www.kayakexchange.ca/
449,Maritime Source For Sports,+1 506-858-8421,https://www.sourceforsports.ca/pages/maritime-source-for-sports-moncton
450,Sport Chek,+1 506-778-1010,https://www.sportchek.ca/stores/miramichi.html?utm_source=Organic%20Search&utm_medium=LSS
451,Mountain Warehouse,+1 506-214-0730,https://www.mountainwarehouse.com/
452,Big River Sports & Equipment Ltd,+1 506-548-3333,http://bigriversports.ca/
453,Straight Bay Outdoors,,http://bigriversports.ca/
454,Ocean Trail Source For Adventure,,http://bigriversports.ca/
455,Outdoor Pros,+1 709-747-3734,http://www.outdoorpros.ca/
456,The Outfitters' Adventure Gear & Apparel,+1 709-747-4661,http://www.theoutfitters.nf.ca/
457,C & S Sports,+1 709-944-7690,http://www.cssports.ca/
458,"The Outfitters, Adventure Gear & Apparel",+1 709-579-4453,http://www.theoutfitters.nf.ca/
459,The Outdoor Shoppe | Sales & Rentals,+1 709-454-3383,http://www.theoutdoorshoppe.ca/?utm_source=google&utm_medium=organic&utm_campaign=GMB-service
460,Minipi Outfitters,+1 709-896-2891,http://www.minipioutfitters.com/
461,Good Buddy Sports,+1 800-563-2092,http://www.goodbuddysports.ca/
462,Atlantic Rivers Outfitting Company,+1 709-754-5923,https://www.atlanticrivers.com/
463,Mountain Warehouse,+1 709-221-0578,https://www.mountainwarehouse.com/ca/stores/ava/avalon-mall/
464,Barnes Sporting Goods,+1 709-634-2291,https://m.facebook.com/pages/Barnes-Sporting-Goods/125337330849484
465,Coastal Outdoors,+1 709-747-0159,https://www.livelifeoutdoors.com/
466,Blue Ridge Inc.,+1 709-535-6675,http://www.theoutdoorsupplystore.com/
467,Sports Unlimited,+1 709-489-1965,https://www.google.com/search?q=outdoor+sport+stores+in+newfoundland+and+labrador&rlz=1C1CHBF_enKE923KE927&biw=1036&bih=538&sz=0&tbm=lcl&ei=8wMCYtn-Bdj8sAeCvI6QBA&oq=outdoor+sport+stores+in+newfoundland+and+labrador&gs_l=psy-ab.12...0.0.0.5740.0.0.0.0.0.0.0.0..0.0....0...1c..64.psy-ab..0.0.0....0.lTA6rbUxFHQ#
468,Sport Chek,+1 709-364-7068,https://www.sportchek.ca/stores/village-shopping-centre.html?utm_source=Organic%20Search&utm_medium=LSS
469,D and A Outdoors,+1 709-520-7368,http://www.facebook.com/dandaoutdoors
470,Sport Chek,+1 709-552-1746,http://www.sportchek.ca/
471,Alpine Country Lodge,+1 709-754-6064,http://alpinecountrylodge.ca/
472,Sport Chek,+1 709-739-7708,https://www.sportchek.ca/stores/st-johns.html?utm_source=Organic%20Search&utm_medium=LSS
473,Play It Again Sports,+1 709-745-7529,https://www.playitagainsportsstjohns.com/
474,Sport Chek,+1 709-489-0875,https://www.sportchek.ca/stores/grand-falls.html?utm_source=Organic%20Search&utm_medium=LSS
475,Arthur James Clothing Company,+1 709-637-6625,http://www.arthurjamesclothing.ca/
476,Sportscraft Source For Sports,+1 709-753-7558,https://www.sourceforsports.ca/pages/sportscraft-source-for-sports-st-johns
477,Mercer's Marine Equipment Ltd,+1 709-466-7430,https://www.mercersmarine.com/
478,Canadian Tire,+1 709-944-7740,https://www.canadiantire.ca/en/store-details/nl/labrador-city-nl.store.html?utm_source=google&utm_medium=lss&utm_content=901
479,THAT PRO LOOK,+1 709-739-5665,http://www.thatprolook.com/
480,Sport Chek,+1 709-634-4700,https://www.sportchek.ca/stores/corner-brook-plaza.html?utm_source=Organic%20Search&utm_medium=LSS
481,DcTackle & Outdoor Supply (Days Custom Tackle),+1 709-222-5249,http://www.dctackle.ca/
482,Northern Lights Ltd,+1 709-896-5939,https://www.google.com/search?q=outdoor+sport+stores+in+newfoundland+and+labrador&rlz=1C1CHBF_enKE923KE927&biw=1036&bih=538&sz=0&tbm=lcl&ei=8wMCYtn-Bdj8sAeCvI6QBA&oq=outdoor+sport+stores+in+newfoundland+and+labrador&gs_l=psy-ab.12...0.0.0.5740.0.0.0.0.0.0.0.0..0.0....0...1c..64.psy-ab..0.0.0....0.lTA6rbUxFHQ#
483,East Coast Trail,N/A,https://www.google.com/search?q=outdoor+sport+stores+in+newfoundland+and+labrador&rlz=1C1CHBF_enKE923KE927&biw=1036&bih=538&sz=0&tbm=lcl&ei=8wMCYtn-Bdj8sAeCvI6QBA&oq=outdoor+sport+stores+in+newfoundland+and+labrador&gs_l=psy-ab.12...0.0.0.5740.0.0.0.0.0.0.0.0..0.0....0...1c..64.psy-ab..0.0.0....0.lTA6rbUxFHQ#
484,Canadian Tire,+1 709-364-5880,https://www.canadiantire.ca/en/store-details.nl.mount-pearl-nl0.html?utm_source=google&utm_medium=lss&utm_content=333
485,Rapid Power Sports,+1 709-639-1695,https://www.rapidpowersports.com/?utm_source=google&utm_medium=organic&utm_campaign=GMB-service
486,Crystal Falls Hiking Trail,+1 709-944-2621,https://labradorwest.com/stay/things-to-do/summer/parks-trails/
487,The Trail Shop,+1 902-423-8736,https://www.trailshop.com/
488,Atmosphere Canada,+1 902-455-2528,https://www.atmosphere.ca/stores/halifax-shopping-centre.html
489,The Outdoor Store,+1 902-295-2576,https://www.google.com/search?q=outdoor+sport+stores+in+new+scotia&rlz=1C1CHBF_enKE923KE927&biw=1036&bih=538&sz=0&tbm=lcl&ei=3QQCYuXQOYG9sAffnK74CA&oq=outdoor+sport+stores+in+new+scotia&gs_l=psy-ab.12...0.0.0.7434.0.0.0.0.0.0.0.0..0.0....0...1c..64.psy-ab..0.0.0....0.DaZckCN-xpA#
490,MEC Halifax,+1 902-421-2667,https://www.mec.ca/en/stores/halifax?utm_medium=organic&utm_source=google&utm_campaign=my-business-listings&utm_content=halifax
491,Bass Pro Shops,+1 902-417-1800,https://www.cabelas.ca/find-a-store/dartmouth/34?y_source=1_MTAzMDQyMDYtNzE1LWxvY2F0aW9uLndlYnNpdGU%3D
492,Escape Outdoors,+1 902-241-4453,http://www.escapeoutdoors.ca/
493,Logan Outdoors,+1 902-861-1815,https://www.google.com/search?q=outdoor+sport+stores+in+new+scotia&rlz=1C1CHBF_enKE923KE927&biw=1036&bih=538&sz=0&tbm=lcl&ei=3QQCYuXQOYG9sAffnK74CA&oq=outdoor+sport+stores+in+new+scotia&gs_l=psy-ab.12...0.0.0.7434.0.0.0.0.0.0.0.0..0.0....0...1c..64.psy-ab..0.0.0....0.DaZckCN-xpA#
494,We're Outside Outdoor Outfitters,+1 902-542-3065,https://www.wereoutside.ca/
495,Sport Chek,+1 902-895-3383,https://www.sportchek.ca/stores/truro-mall.html?utm_source=Organic%20Search&utm_medium=LSS
496,Sport Chek,+1 902-755-6139,https://www.sportchek.ca/stores/highland-square-mall.html?utm_source=Organic%20Search&utm_medium=LSS
497,Ironwood Outdoors Outfitting Services,+1 902-476-4960,https://ironwoodpro.ca/
498,Sport Chek,+1 902-455-2528,https://www.sportchek.ca/stores/park-place-shopping-centre.html
499,Leaves & Limbs Sports,+1 902-735-3800,http://www.leavesandlimbssports.com/
500,Sport Chek,+1 902-681-1485,https://www.sportchek.ca/stores/new-minas.html?utm_source=Organic%20Search&utm_medium=LSS
501,Wild Valley Supply Co.,+1 902-697-2435,http://wildvalley.ca/
502,SAIL,+1 905-592-0722,https://www.sail.ca/en/our-stores/burlington
503,Atmosphere Canada,+1 519-668-1776,https://www.atmosphere.ca/stores/london-sw.html
504,SAIL,+1 519-231-0113,https://www.sail.ca/en/our-stores/cambridge
505,SAIL,+1 905-448-1900,https://www.sail.ca/en/our-stores/oshawa
506,Outdoors Oriented Inc,+1 905-688-0160,http://outdoorsoriented.com/
507,Sojourn Outdoors,+1 905-688-0160,http://outdoorsoriented.com/
508,Atmosphere Canada,+1 613-735-3016,https://www.atmosphere.ca/stores/pembroke-mall.html
509,Solely Outdoors,+1 905-882-9629,http://www.solelyoutdoors.com/
510,MEC Burlington,+1 905-333-8559,https://www.mec.ca/en/stores/burlington?utm_medium=organic&utm_source=google&utm_campaign=my-business-listings&utm_content=burlington
511,Atmosphere Canada,+1 519-824-4352,https://www.atmosphere.ca/stores/stone-road.html
512,Atmosphere Canada,+1 905-829-4721,https://www.atmosphere.ca/stores/winston-power-centre.html
513,MEC London,+1 519-668-6657,https://www.mec.ca/en/stores/london?utm_medium=organic&utm_source=google&utm_campaign=my-business-listings&utm_content=london
514,Atmosphere Canada,+1 705-739-0437,https://www.atmosphere.ca/stores/sc-barrie-park-place.html
515,Atmosphere Canada,+1 705-840-5007,https://www.atmosphere.ca/stores/sc-north-bay-mckeown-commons.html
516,Lefebvre's Source for Adventure,+1 705-474-5920,https://www.lefebvres.ca/
517,SAIL,+1 613-800-0939,https://www.sail.ca/our-stores/ottawa
518,Atmosphere Canada,+1 705-945-0900,https://www.atmosphere.ca/stores/station-mall.html
519,MEC Kitchener,+1 519-896-4972,https://www.mec.ca/en/stores/kitchener?utm_medium=organic&utm_source=google&utm_campaign=my-business-listings&utm_content=kitchener
520,MEC Ottawa,+1 613-729-2700,https://www.mec.ca/en/stores/ottawa?utm_medium=organic&utm_source=google&utm_campaign=my-business-listings&utm_content=ottawa
521,Atmosphere Canada,+1 705-722-1060,https://www.atmosphere.ca/stores/georgian-mall.html
522,Atmosphere Canada,+1 519-645-0350,https://www.atmosphere.ca/
523,GT Paddle Sports,+1 705-730-2805,http://gtoutdoors.ca/
524,MEC Barrie,+1 705-792-4675,https://www.mec.ca/en/stores/barrie?utm_medium=organic&utm_source=google&utm_campaign=my-business-listings&utm_content=barrie
525,MEC North York,+1 416-221-0030,https://www.mec.ca/en/stores/north-york?utm_medium=organic&utm_source=google&utm_campaign=my-business-listings&utm_content=north-york
526,Ramakko's,+1 705-522-8889,https://www.ramakkos.com/
527,MEC Toronto,+1 416-340-2667,https://www.mec.ca/en/stores/toronto?utm_medium=organic&utm_source=google&utm_campaign=my-business-listings&utm_content=toronto
528,Mountain Warehouse,+1 905-383-8607,https://www.mountainwarehouse.com/ca/stores/lir/lime-ridge-mall/
529,Opeongo Outfitting Store,+1 613-637-5470,https://www.opeongooutfitters.com/
530,Adventure Guide Inc.,+1 519-886-3121,http://www.advguide.com/
531,Chesher's Outdoor Store,+1 613-332-1613,https://www.google.com/search?q=outdoor+sport+stores+in+ontario&rlz=1C1CHBF_enKE923KE927&biw=1036&bih=538&sz=0&tbm=lcl&ei=VQUCYsOeBNHSsAfuzInICQ&oq=outdoor+sport+stores+in+ontario&gs_l=psy-ab.12...0.0.0.6946.0.0.0.0.0.0.0.0..0.0....0...1c..64.psy-ab..0.0.0....0.ojnSawwlUzQ#
532,College Sports,+1 613-967-0423,http://collegesportsbelleville.com/
533,Mountain Warehouse,+1 705-722-9400,https://www.mountainwarehouse.com/ca/stores/brr/barrie/
534,Trailhead,+1 613-546-4757,http://www.trailheadkingston.ca/
535,Algonquin Outfitters - Huntsville,+1 705-787-0262,http://algonquinoutfitters.com/store-location/huntsville/
536,The Canadian Outdoor Equipment Co.,+1 905-990-1750,https://www.canadianoutdoorequipment.com/
537,Outdoors Plus,+1 705-457-3113,https://www.facebook.com/outdoorsplus/
538,Chaltrek Work & Play Outdoors,+1 807-577-8848,https://www.facebook.com/Chaltrek/
539,Algonquin Outfitters - Bracebridge,+1 705-645-9262,http://algonquinoutfitters.com/store-location/bracebridge/
540,LOTW Sports Headquarters (Kenora),+1 807-468-4637,https://sportsheadquarters.ca/
541,Sports Fix,+1 613-543-3330,https://www.facebook.com/pg/Sports-Fix-381873438690521/about/
542,Mountain Warehouse Waterloo,+1 519-725-7943,https://www.mountainwarehouse.com/ca/stores/cnn/conestoga/
543,Trailhead Paddle Shack,+1 613-722-4229,http://www.trailheadpaddleshack.ca/
544,Algonquin Outfitters - Haliburton,+1 705-457-3737,https://algonquinoutfitters.com/store-location/haliburton/
545,Bass Pro Shops,+1 905-761-4000,https://www.cabelas.ca/find-a-store/vaughan/38?y_source=1_MzAxMTUwMi03MTUtbG9jYXRpb24ud2Vic2l0ZQ%3D%3D
546,Vamos Outdoors,+1 613-461-2000,http://www.vamosoutdoors.ca/
547,Décathlon Ottawa,+1 613-690-2223,https://www.decathlon.ca/
548,Sport Chek,+1 519-537-8965,https://www.sportchek.ca/stores/woodstock-centre.html
549,Mad Outdoors,+1 613-756-2007,https://www.facebook.com/madawaskaoutdoors/
550,White Squall Outdoor Store,+1 705-746-4936,http://www.whitesquall.com/
551,Cabela's Barrie,+1 705-735-8900,http://www.cabelas.ca/find-a-store/barrie/11
552,Sport Chek,+1 705-527-4234,https://www.sportchek.ca/stores/mountainview-mall.html?utm_source=Organic%20Search&utm_medium=LSS
553,Bishop Lake Outdoors,+1 613-336-2311,https://www.google.com/search?q=outdoor+sport+stores+in+ontario&rlz=1C1CHBF_enKE923KE927&biw=1036&bih=538&sz=0&tbm=lcl&ei=VQUCYsOeBNHSsAfuzInICQ&oq=outdoor+sport+stores+in+ontario&gs_l=psy-ab.12...0.0.0.6946.0.0.0.0.0.0.0.0..0.0....0...1c..64.psy-ab..0.0.0....0.ojnSawwlUzQ#
554,General Outdoor Store,+1 705-846-2442,https://www.google.com/search?q=outdoor+sport+stores+in+ontario&rlz=1C1CHBF_enKE923KE927&biw=1036&bih=538&sz=0&tbm=lcl&ei=VQUCYsOeBNHSsAfuzInICQ&oq=outdoor+sport+stores+in+ontario&gs_l=psy-ab.12...0.0.0.6946.0.0.0.0.0.0.0.0..0.0....0...1c..64.psy-ab..0.0.0....0.ojnSawwlUzQ#
555,Adventure Attic Travel and Outdoor Lifestyle,+1 905-628-2929,https://www.adventureatticoutdoor.ca/
556,Easthill Outdoors,+1 905-983-5550,https://easthilloutdoors.com/
557,Mountain Warehouse,+1 519-668-6161,https://www.mountainwarehouse.com/ca/stores/lon/london---ontario/
558,Decathlon Vaughan,+1 647-598-3737,https://www.decathlon.ca/
559,Urban Sport Calabogie,+1 613-623-4410,http://www.urban-sport.ca/
560,Sport Chek,+1 705-788-1698,https://www.sportchek.ca/stores/huntsville-place-mall.html?utm_source=Organic%20Search&utm_medium=LSS
561,Sport Chek Outlet,+1 905-831-6360,https://www.sportchek.ca/
562,Ellwood Epps Sporting Goods,+1 705-689-5333,https://ellwoodepps.com/
563,Great Escape Outfitters,+1 613-729-7777,https://www.greatescapeoutfitters.com/
564,Albert's Sports & Workwear,+1 705-264-8189,http://www.sportsandworkwear.com/
565,Sport Chek,+1 519-645-0350,https://www.sportchek.ca/stores/park-place-shopping-centre.html
566,LIV OUTSIDE - Gear + Adventures,+1 705-646-0492,http://www.livoutside.ca/
567,Gear Up For Outdoors Ltd,+1 807-345-0001,http://www.gear-up.com/
568,Sport Chek,+1 705-445-2435,https://www.sportchek.ca/stores/collingwood-centre.html?utm_source=Organic%20Search&utm_medium=LSS
569,Sport Chek,+1 905-304-9234,https://www.sportchek.ca/stores/meadowlands-power-centre.html?utm_source=Organic%20Search&utm_medium=LSS
570,Suntrail Source for Adventure,+1 519-935-2478,http://suntrail.ca/
571,Sport Chek,+1 705-326-4411,http://www.sportchek.ca/
572,Algonquin Outfitters - Oxtongue Lake,+1 800-469-4948,http://algonquinoutfitters.com/store-location/oxtongue/
573,Al's Sports Excellence,+1 807-737-1323,https://www.google.com/search?q=outdoor+sport+stores+in+ontario&rlz=1C1CHBF_enKE923KE927&biw=1036&bih=538&sz=0&tbm=lcl&ei=VQUCYsOeBNHSsAfuzInICQ&oq=outdoor+sport+stores+in+ontario&gs_l=psy-ab.12...0.0.0.6946.0.0.0.0.0.0.0.0..0.0....0...1c..64.psy-ab..0.0.0....0.ojnSawwlUzQ#
574,Patagonia,+1 416-861-1102,https://www.patagonia.ca/patagonia-toronto-canada/store_1196500146.html
575,Great Lakes Outfitters,+1 705-253-2361,http://www.greatlakesoutfitters.ca/
576,Cabela's Ottawa,+1 613-319-8600,http://www.cabelas.ca/find-a-store/ottawa/16
577,Mountain Warehouse,+1 905-725-0300,https://www.mountainwarehouse.com/ca/stores/osh/oshawa-centre/
578,Sport Chek,+1 705-739-0437,https://www.sportchek.ca/stores/park-place-shopping-centre.html?utm_source=Organic%20Search&utm_medium=LSS
579,Adelaide Sports,+1 416-367-9957,http://adelaideclub.com/our-club/pro-shop
580,Sport Chek,+1 905-383-5012,https://www.sportchek.ca/stores/limeridge-mall.html?utm_source=Organic%20Search&utm_medium=LSS
581,Sport Chek,+1 905-937-4187,https://www.sportchek.ca/stores/st-catharines.html?utm_source=Organic%20Search&utm_medium=LSS
582,Arc'teryx,+1 416-204-1118,https://www.google.com/search?q=outdoor+sport+stores+in+ontario&rlz=1C1CHBF_enKE923KE927&biw=1036&bih=538&sz=0&tbm=lcl&ei=VQUCYsOeBNHSsAfuzInICQ&oq=outdoor+sport+stores+in+ontario&gs_l=psy-ab.12...0.0.0.6946.0.0.0.0.0.0.0.0..0.0....0...1c..64.psy-ab..0.0.0....0.ojnSawwlUzQ#
583,Nash Sports,+1 705-657-9420,https://www.nashsports.ca/
584,Sport Chek,+1 519-750-0101,https://www.sportchek.ca/stores/lynden-park.html?utm_source=Organic%20Search&utm_medium=LSS
585,Sport Chek,+1 705-840-5007,https://www.sportchek.ca/stores/north-bay.html?utm_source=Organic%20Search&utm_medium=LSS
586,Sport Chek,+1 905-789-8965,https://www.sportchek.ca/stores/bramalea-city-centre.html?utm_source=Organic%20Search&utm_medium=LSS
587,Mountain Warehouse,+1 705-566-5300,https://www.mountainwarehouse.com/ca/stores/sdy/sudbury-canada/
588,"Pelee Wings Nature Store, Experience Nature!!!",+1 519-326-5193,http://www.peleewings.ca/
589,Sport Chek,+1 905-887-6012,https://www.sportchek.ca/stores/cachet-centre.html?utm_source=Organic%20Search&utm_medium=LSS
590,Sport Chek,+1 705-945-0900,https://www.sportchek.ca/stores/sault-st-marie.html?utm_source=Organic%20Search&utm_medium=LSS
591,"Hikers Haven, Division of Europe Bound",+1 905-849-8928,http://www.hikershaven.ca/
592,Decathlon Burlington,+1 289-427-0315,https://www.decathlon.ca/
593,Chesher's Outdoor Store,+1 613-966-8080,http://www.cheshersoutdoor.com/
594,The Outside Store,+1 705-522-1755,http://www.theoutsidestore.ca/
595,Toronto Outdoor,+1 647-725-7752,https://www.torontooutdoor.com/
596,Sport Chek,+1 905-829-4721,https://www.sportchek.ca/stores/winston-power-centre.html?utm_source=Organic%20Search&utm_medium=LSS
597,AM SPORT | Badminton · Squash · Tennis · Outdoor Games & Fitness Equipment Pro Shop,+1 905-569-2578,http://www.amsport.ca/
598,Bushtukah - Stittsville,+1 613-831-3604,http://www.bushtukah.com/
599,Sport Chek,+1 705-267-6611,https://www.sportchek.ca/stores/timmins-square.html?utm_source=Organic%20Search&utm_medium=LSS
600,Sport Chek,+1 416-621-6796,https://www.sportchek.ca/stores/sherway.html?utm_source=Organic%20Search&utm_medium=LSS
601,Hamilton Trail Blazers Hiking and Outdoors Group,+1 289-408-8610,http://www.hamiltontrailblazers.com/
602,Wild Rock Outfitters,+1 705-745-9133,http://www.wildrock.net/
603,Sport Chek,+1 807-623-4410,https://www.sportchek.ca/stores/intercity-mall.html
604,D & R Sporting Goods,+1 807-345-3323,https://www.dandrsports.ca/
605,Mountain Warehouse,+1 905-641-9339,https://www.mountainwarehouse.com/ca/stores/nic/niagara---outlet-collection/
606,Bushnell Outdoor Products Canada,+1 905-771-2980,http://www.bushnell.com/
607,Gourley's Outdoors,+1 613-432-5093,http://www.gourleysoutdoors.com/
608,Bushtukah - Westboro,+1 613-792-1170,http://bushtukah.com/
609,Sport Chek,+1 905-281-8422,https://www.sportchek.ca/stores/square-one.html?utm_source=Organic%20Search&utm_medium=LSS
610,Trombly's Tackle Box,+1 705-327-3474,https://tromblystacklebox.com/
611,Sporting Life,+1 416-485-1611,http://www.sportinglife.ca/
612,Island Home Outfitters and Island Adventure Sport Rentals,+1 705-377-4433,http://www.islandhomeoutfitters.ca/
613,Wilderness Supply,+1 807-684-9555,http://www.wildernesssupply.ca/
614,Rainy Lake Sports,+1 807-274-6429,http://rainylakesports.com/
615,Tactical Sports Paintball and Airsoft Proshop,+1 705-739-1552,http://www.tacticalsports.ca/
616,Byers Equipment Motorsports - Orillia,+1 705-325-2746,http://www.byersequipment.com/
617,Victory Ridge Sports - Hunting Gear Canada,+1 705-252-4400,https://victoryridgesports.ca/
618,Sport Chek,+1 705-522-3389,https://www.sportchek.ca/stores/southridge-mall.html?utm_source=Organic%20Search&utm_medium=LSS
619,Al Flaherty's Outdoor Store,+1 416-651-6436,http://www.alflahertys.com/
620,The North Face - The Outlets Collection at Niagara,+1 905-684-4686,https://stores.thenorthface.com/on/niagara-on-the-lake/CAN1261/
621,Rustic Hunting Land Ontario,+1 438-969-0033,https://huntingbelindas.ca/
622,Sports Action,+1 613-741-0999,http://www.sports-action.ca/
623,Moguls In Mocean,+1 519-942-2230,https://mogulsinmocean.com/
624,HiWay Variety Outfitters,+1 705-946-3737,https://www.hiwayvariety.com/
625,CottageSpot,+1 855-635-1659,https://cottagespot.com/
626,Sportco Source For Sports,+1 519-744-6831,https://www.sportco.ca/
627,Wolf's Den (Gun and Archery specialist),+1 705-424-4867,http://www.wolfsdensports.com/
628,Dumoulin’s,+1 705-264-8098,http://dumoulinoutdoors.ca/
629,Adventure365,+1 705-222-2772,http://www.adventure365.ca/
630,Oakville Outdoors & Surplus Exchange,+1 905-842-0943,https://www.google.com/search?q=outdoor+sport+stores+in+ontario&rlz=1C1CHBF_enKE923KE927&biw=1036&bih=538&sz=0&tbm=lcl&ei=VQUCYsOeBNHSsAfuzInICQ&oq=outdoor+sport+stores+in+ontario&gs_l=psy-ab.12...0.0.0.6946.0.0.0.0.0.0.0.0..0.0....0...1c..64.psy-ab..0.0.0....0.ojnSawwlUzQ#
631,Boyd's Sports,+1 905-862-2693,https://www.boydssports.ca/
632,The North Face Vaughan Mills Outlet,+1 905-760-0088,https://stores.thenorthface.com/on/vaughan/CAN1260/
633,Taggs Source For Sports,+1 807-468-2225,https://www.sourceforsports.ca/pages/taggs-source-for-sports-kenora
634,A Breath of Fresh Air Outdoor Sports,+1 705-345-0814,http://www.abreathoffreshair.ca/
635,Play It Again Sports - Aurora,+1 905-751-0101,https://www.playitagainsports.com/locations/aurora-on
636,C & D Sports,+1 807-346-9776,https://www.google.com/search?q=outdoor+sport+stores+in+ontario&rlz=1C1CHBF_enKE923KE927&biw=1036&bih=538&sz=0&tbm=lcl&ei=VQUCYsOeBNHSsAfuzInICQ&oq=outdoor+sport+stores+in+ontario&gs_l=psy-ab.12...0.0.0.6946.0.0.0.0.0.0.0.0..0.0....0...1c..64.psy-ab..0.0.0....0.ojnSawwlUzQ#
637,Competitive Edge Sports,+1 705-795-8307,http://www.competitiveedgesports.ca/
638,All Star Sports,+1 905-787-9037,http://allstarsports.ca/
639,Play It Again Sports,+1 416-222-5713,http://www.playitagainsportsnorthyork.com/
640,Algonquin Outfitters - Minden,+1 705-286-1492,https://algonquinoutfitters.com/store-location/minden/
641,Fjällräven Ottawa,+1 613-699-2255,http://fjallraven.ca/
642,Belle River Source For Sports,+1 519-728-3717,https://www.sourceforsports.ca/pages/belle-river-source-for-sports-lakeshore
643,DICK'S Sporting Goods,+1 419-747-2727,https://stores.dickssportinggoods.com/oh/ontario/66/?seo=localpack
644,Boyko Source For Sports,+1 519-426-5190,https://www.sourceforsports.ca/pages/boyko-source-for-sports-simcoe
645,Otter Valley Paddle Sports,+1 519-688-7330,http://otterpaddle.com/
646,The Hardwear Company,+1 807-468-1226,https://www.hardwearco.com/
647,Arker Sport,+1 877-811-4666,http://www.arkersport.com/
648,Drift Outfitters & Fly Shop,+1 647-347-7370,http://www.driftoutfitters.com/
649,Breakaway Sports & Cycle,+1 705-368-3841,http://www.breakawaymanitoulin.ca/
650,Play It Again Sports,+1 807-622-8282,http://www.playitagainsportsthunderbay.com/
651,Rack Attack Mississauga,+1 289-805-0160,https://www.rackattack.com/store/mississauga/
652,Soo Source For Sports,+1 705-942-7060,https://www.sourceforsports.ca/pages/soo-source-for-sports-sault-ste-marie
653,Down To Earth Adventure Outfitters,+1 705-328-0230,http://www.downtoearthlindsay.com/
654,Gear Up Airsoft Canada,+1 647-571-0085,https://gearupairsoft.com/?utm_source=GMB&utm_medium=Markham
655,Pronature Rockland,+1 613-419-1419,http://www.pronaturerockland.ca/
656,Red Pine Outdoor Equipment,+1 613-723-2136,http://www.redpineoutdoor.com/
657,College Source For Sports,+1 519-752-4150,https://www.sourceforsports.ca/pages/college-source-for-sports-brantford
658,A-One Clothing Store,+1 613-548-8732,https://www.aoneclothing.com/
659,Dunham's Sports,+1 419-529-9690,https://www.dunhamssports.com/on/demandware.store/Sites-dunhamssports-Site/en_US/Stores-Detail?storeID=103
660,Freedom Canoe & Kayak,+1 705-309-8815,http://www.paddlefreedom.com/
661,Hook Line & Sinker Fishing Tackle - Home of The First Cast Fly Shop,+1 519-766-4665,http://www.hooklineandsinker.ca/
662,Boathouse,+1 519-948-7739,http://www.boathousestores.com/
663,Canadian Tire,+1 519-832-6995,https://www.canadiantire.ca/en/store-details/on/port-elgin-on1.store.html?utm_source=google&utm_medium=lss&utm_content=269
664,Niagara Outdoors,+1 716-695-5873,http://niagaraoutdoors.com/
665,Rack Attack Ottawa,+1 343-809-4390,https://www.rackattack.com/store/ottawa/
666,Sporting Intentions,+1 902-892-4713,https://www.sportingintentions.com/
667,Sport Chek,+1 902-628-6088,https://www.sportchek.ca/stores/charlottetown-mall.html?utm_source=Organic%20Search&utm_medium=LSS
668,Outer Limit Sports - PEI Bike Shop,+1 902-569-5690,http://www.ols.ca/
669,Sport Chek,+1 306-922-5791,https://www.sportchek.ca/stores/cornerstone.html?utm_source=Organic%20Search&utm_medium=LSS
670,Fresh Air Experience,+1 306-922-1500,http://www.freshairexperience.com/
671,Arnie's Guns & Archery,+1 306-922-7292,https://arnies-guns.com/
672,Source For Sports,+1 306-764-3259,https://www.sourceforsports.ca/pages/source-for-sports-prince-albert
673,Cabela's Saskatoon,+1 306-343-4868,http://www.cabelas.ca/find-a-store/saskatoon/3
674,Eb's Source For Adventure ⛅,+1 306-652-0385,http://www.ebsadventure.com/
675,Atmosphere Canada,+1 306-244-4607,https://www.atmosphere.ca/stores/circle.html?utm_source=Organic%20Search&utm_medium=LSS
676,Propaganda,+1 306-953-0020,http://www.propagandashop.com/
677,Outter Limits,+1 306-374-1663,http://www.outterlimits.com/
678,Cabela's Regina,+1 306-523-5900,http://www.cabelas.ca/find-a-store/regina/7
679,Atmosphere,+1 250-563-9914,https://www.atmosphere.ca/
680,Montreal River Outpost,+1 306-425-1018,http://montrealriveroutpost.com/
681,Atmosphere Canada,+1 306-522-4014,https://www.atmosphere.ca/
682,Bowyer's Outdoor Sports,+1 306-662-3267,http://www.bowyers.ca/
683,The Prairie Summit Shop Saskatoon / The North Face,+1 306-384-8631,http://www.prairiesummitshop.com/
684,Fresh Air Experience,+1 306-522-6665,http://freshairexperience.com/
685,Grey Owl Center,+1 306-715-7401,http://greyowlcenter.com/
686,On target archery,+1 306-930-9876,https://ontargetarchery.business.site/?utm_source=gmb&utm_medium=referral
687,Canadian Tire,+1 306-764-9000,https://www.canadiantire.ca/en/store-details/sk/prince-albert-sk.store.html?utm_source=google&utm_medium=lss&utm_content=317
688,Mark's,+1 306-922-3414,https://www.marks.com/en/stores/prince-albert-800-15-street-e-540-cornerstone.html?utm_source=Google&utm_medium=GMB&utm_campaign=GMB_Listing
689,Sporting Intentions,+1 902-892-4713,https://www.sportingintentions.com/
690,Sport Chek,+1 306-446-2872,https://www.sportchek.ca/stores/frontier-mall.html?utm_source=Organic%20Search&utm_medium=LSS
691,Frontier Taxidermy,+1 306-763-1044,http://frontierfirearms.ca/
692,Life Outside Gear Exchange,+1 306-371-3690,http://www.lifeoutsidegx.com/
693,Winners,+1 306-764-2830,https://www.winners.ca/
694,Wholesale Sports,N/A,http://www.wholesalesports.com/
695,Foot Locker,+1 306-517-6505,https://stores.footlocker.ca/ca/sk/prince-albert/1403-central-avenue.html
696,Winner's Way Source For Sports,+1 780-998-2288,https://www.sourceforsports.ca/pages/winners-way-source-for-sports-fort-saskatchewan
697,RONA Prince Albert,+1 306-763-7662,https://www.rona.ca/en/store/saskatchewan/prince-albert/rona-prince-albert-63600?cm_mmc=organic_search-_-yext-_-gmb-_-website&utm_medium=organic_search&utm_source=yext&utm_campaign=gmb&utm_content=website&y_source=1_MzkxNzczMS03MTUtbG9jYXRpb24ud2Vic2l0ZQ%3D%3D
698,Flaman Fitness Prince Albert,+1 306-764-6004,https://www.flamanfitness.com/
699,Prairie Recreation Parts & Accessories,+1 306-763-8001,https://www.prairierecreation.com/
700,Sport Chek,+1 306-694-7777,https://www.sportchek.ca/stores/town-and-country-mall.html?utm_source=Organic%20Search&utm_medium=LSS
701,Top Shelf Sports,+1 306-244-9800,http://www.topshelfsports.ca/
702,Canadian Tire,+1 306-446-3333,https://www.canadiantire.ca/en/store-details/sk/north-battleford-sk.store.html?utm_source=google&utm_medium=lss&utm_content=301
703,Al Anderson's Source For Sports,+1 306-652-9412,https://www.sourceforsports.ca/pages/al-andersons-source-for-sports-saskatoon
704,Sport Chek,+1 306-522-2200,https://www.sportchek.ca/stores/southland-mall.html?utm_source=Organic%20Search&utm_medium=LSS
705,Royal Sporting Goods Ltd,+1 306-522-5973,http://www.royalsporting.ca/
706,Hometown Source for Sports,+1 306-783-0150,https://www.sourceforsports.ca/pages/hometown-source-for-sports-yorkton
707,Blue Mountain Adventure Park,+1 306-445-4941,http://www.explorebluemountain.com/
708,JDS RV AND POERSPORT LTD.,+1 306-445-5800,https://jdsrvandpowersport.ca/contact.html
709,Canadian Tire,+1 306-728-8810,https://www.canadiantire.ca/en/store-details/sk/melville-sk.store.html?utm_source=google&utm_medium=lss&utm_content=915
710,Golf Town,+1 306-652-4571,http://www.golftown.com/
711,Canadian Tire,+1 306-373-3666,https://www.canadiantire.ca/en/store-details/sk/saskatoon-east-sk0.store.html?utm_source=google&utm_medium=lss&utm_content=133
712,Valhalla Pure Outfitters,+1 250-354-1006,http://vpo.ca/
713,Flaman Sales & Rentals Prince Albert,+1 306-764-6004,https://www.flaman.com/?utm_medium=web&utm_source=sem%2520rush&utm_campaign=listing_management_pa&utm_content=princealbert
714,Extreme Hockey & Sport,+1 306-721-8326,https://store.extremehockey.net/pages/main.html?utm_source=Google&utm_medium=GMB
715,Canadian Tire,+1 780-791-6470,https://www.canadiantire.ca/en/store-details/ab/fort-mcmurray-outdoor-store-ab.store.html?utm_source=google&utm_medium=lss&utm_content=911
716,Value Village,+1 306-922-5870,https://stores.savers.com/sk/princealbert/valuevillage-thrift-store-2096.html
717,Marshalls,+1 306-789-6000,https://www.marshalls.ca/en/storelocator
718,Valhalla Pure Outfitters,+1 250-542-3537,http://www.vpo.ca/
719,Mark's,+1 306-752-4844,https://www.marks.com/en/stores/melfort-500-highway-6-s-300-stonegate.html?utm_source=Google&utm_medium=GMB&utm_campaign=GMB_Listing
720,Riverside Pawn & Second Hand Store,+1 306-763-6600,https://www.google.com/search?q=outdoor+sport+stores+in+prince+saskatchewan&rlz=1C1CHBF_enKE923KE927&biw=1036&bih=538&sz=0&tbm=lcl&ei=kQkCYsjsM4TekgW8tZjQAg&oq=outdoor+sport+stores+in+prince+saskatchewan&gs_l=psy-ab.12...0.0.0.5236.0.0.0.0.0.0.0.0..0.0....0...1c..64.psy-ab..0.0.0....0.Q7Nf54d1w0U#
721,Lake Country Co-op Home & Lumber Centre @ Big River,+1 306-469-2014,http://www.lakecountryco-op.crs/
722,Peavey Mart,+1 306-763-2211,http://www.peaveymart.com/
723,Joe's Sporting Goods,+1 651-209-7800,https://www.joessportinggoods.com/
724,Valhalla Pure Outfitters,+1 250-871-3963,http://www.vpo.ca/
725,Winners & HomeSense,+1 306-789-9998,https://www.winners.ca/
726,Party City,+1 306-765-1878,https://www.partycity.ca/en/store-details/sk/prince-albert-sk-party-city.store.html?utm_source=google&utm_medium=lss&utm_content=879
727,Walmart Supercentre,+1 306-764-9770,https://www.walmart.ca/en/stores-near-me/prince-albert-supercentre-3073?utm_source=local&utm_medium=listings&utm_campaign=sc&cmpid=gmb
728,Real Canadian Superstore,+1 306-953-8100,https://www.realcanadiansuperstore.ca/store-locator/details/1581?utm_source=G&utm_medium=LPM&utm_campaign=Loblaws
729,Early's Farm and Garden Centre,+1 306-931-1982,http://www.earlysgarden.com/
730,Boundary Bog Trail,+1 306-663-4522,https://www.pc.gc.ca/en/pn-np/sk/princealbert/activ/experiences/activ21/a17
731,Tru-North RV Auto & Marine Sales LP,+1 877-230-3818,http://www.trunorthprincealbert.ca/
732,ChangingGear,+1 867-393-4327,http://www.changinggear.ca/
733,Old Navy,+1 306-653-4420,https://oldnavy.gapcanada.ca/stores/sk/saskatoon/preston-crossing-3308
734,Spruce River Highlands Trail,+1 306-663-4522,https://www.pc.gc.ca/en/pn-np/sk/princealbert/activ/experiences/activ21/a03
735,Rotary Trail,N/A,https://www.citypa.ca/en/parks-recreation-and-culture/rotary-trail.aspx
736,Decathlon Calgary,+1 587-713-0699,https://www.decathlon.ca/
737,Best Buy,+1 866-237-8289,https://stores.bestbuy.ca/en-ca/sk/prince-albert/800-15th-st-e-unit-300
738,Alfred Jenkins Field House,+1 306-953-4989,https://www.citypa.ca/en/parks-recreation-and-culture/alfred-jenkins-field-house.aspx
739,CWL Clothing Depot,+1 306-242-5042,http://www.cwlsk.ca/pages/clothingdepot.html
740,Giant Tiger,+1 306-764-1057,https://www.gianttiger.com/
741,Capital Sports,+1 406-443-2978,http://www.shopcapitalsports.com/shop/
742,General Outdoor Store,+1 705-846-2442,https://www.google.com/search?q=outdoor+sport+stores+in+prince+saskatchewan&rlz=1C1CHBF_enKE923KE927&biw=1036&bih=538&sz=0&tbm=lcl&ei=kQkCYsjsM4TekgW8tZjQAg&oq=outdoor+sport+stores+in+prince+saskatchewan&gs_l=psy-ab.12...0.0.0.5236.0.0.0.0.0.0.0.0..0.0....0...1c..64.psy-ab..0.0.0....0.Q7Nf54d1w0U#
743,Public Lands,+1 724-742-4425,https://stores.publiclands.com/pa/cranberry-twp./5600/?seo=localpack
744,Ladner's Source For Sports,+1 902-566-9898,https://www.sourceforsports.ca/pages/ladners-source-for-sports-charlottetown
745,Shady Lake Trail,+1 306-663-4522,https://www.pc.gc.ca/en/pn-np/sk/princealbert/activ/experiences/activ21/a01
746,Natick Outdoor Store,+1 508-653-9400,http://www.natickoutdoorstore.com/
747,SAIL,+1 613-800-0939,https://www.sail.ca/our-stores/ottawa
748,Bill Jackson's Shop For Adventure,+1 727-576-4169,http://www.billjacksons.com/
749,JAX Fort Collins Outdoor Gear,+1 970-221-0544,https://www.jaxgoods.com/
750,Mud Creek Trail,+1 306-663-4522,https://www.pc.gc.ca/en/pn-np/sk/princealbert/activ/experiences/activ21/a11
751,Elk Trail,+1 306-663-4522,https://www.pc.gc.ca/en/pn-np/sk/princealbert/activ/experiences/activ21/a05
752,Recreation Supply Co,+1 306-664-3560,http://recreationsupply.co/
753,Once Upon A Child West,+1 306-954-6822,http://www.onceuponachild.com/locations/saskatoon-sk-west
754,Kinsmen Water Park,+1 306-953-4835,https://www.citypa.ca/en/parks-recreation-and-culture/kinsmen-water-park.aspx
755,Walmart Supercentre,+1 306-445-8105,https://www.walmart.ca/en/stores-near-me/north-battleford-store-3058?utm_source=local&utm_medium=listings&utm_campaign=sc&cmpid=gmb
756,Kingsmere River Trail,+1 306-663-4522,https://www.pc.gc.ca/en/pn-np/sk/princealbert/activ/experiences/activ21/a15
757,Dave G Steuart Arena,+1 306-953-4844,http://citypa.ca/
758,Salvation Army Thrift Store,+1 306-763-6078,https://www.google.com/search?q=outdoor+sport+stores+in+prince+saskatchewan&rlz=1C1CHBF_enKE923KE927&biw=1036&bih=538&sz=0&tbm=lcl&ei=kQkCYsjsM4TekgW8tZjQAg&oq=outdoor+sport+stores+in+prince+saskatchewan&gs_l=psy-ab.12...0.0.0.5236.0.0.0.0.0.0.0.0..0.0....0...1c..64.psy-ab..0.0.0....0.Q7Nf54d1w0U#
759,Valhalla Pure Outfitters,+1 250-751-8686,http://www.vpo.ca/
760,The Source,+1 833-686-5893,https://www.thesource.ca/store/589300
761,Exclusive Auto Marine,N/A,http://www.exclusiveautomarine.com/
762,American Eagle Store,+1 306-651-1940,https://storelocations.ae.com/ca/sk/saskatoon/21st-st-and-first-ave.html
763,Sequoia Supply,+1 306-584-5566,http://www.sequoiasupply.ca/
764,Peavey Mart,+1 306-445-6171,http://www.peaveymart.com/
765,RCM Outdoors,+1 306-783-0477,http://www.rcmoutdoors.ca/
766,Ebs CrossCountry Ski Trails,N/A,http://www.saskatoonnordicski.ca/trails
767,Red Wing Shoe Store,+1 306-525-8554,http://stores.redwing.com/regina-skca
768,Narrows Peninsula Trail,+1 306-663-4522,https://www.pc.gc.ca/en/pn-np/sk/princealbert/activ/experiences/activ21/a14
769,Atmosphere Canada,+1 250-751-1425,https://www.atmosphere.ca/stores/country-club.html?utm_source=Organic%20Search&utm_medium=LSS
770,Dollar Tree,+1 306-922-2292,http://locations.dollartreecanada.com/sk/prince-albert/40252/?utm_source=google&utm_medium=organic&utm_campaign=maps
771,Grey Owl's Cabin,+1 306-663-4522,https://www.pc.gc.ca/en/pn-np/sk/princealbert/activ/experiences/activ21/i
772,Grey Owl's Cabin Trail,+1 306-663-4522,https://www.pc.gc.ca/en/pn-np/sk/princealbert/activ/experiences/activ21/i
773,Yeager's Sporting Goods,+1 360-733-1080,http://www.yeagerssportinggoods.com/
774,Monod Sports Ltd,+1 403-762-4571,https://www.monodsports.com/
775,Namekus Lake,N/A,https://www.pc.gc.ca/en/pn-np/sk/princealbert/activ/activ08/activ08a/activ08a4
776,Prince Albert National Park,+1 306-663-4522,https://pc.gc.ca/princealbert?utm_source=gmb&utm_medium=princealbert
777,SAIL,+1 450-688-6768,https://www.sail.ca/fr/nos-magasins/laval
778,Giant Tiger,+1 306-445-2115,http://www.gianttiger.com/
779,Gerick Sports,+1 250-426-6171,http://www.gericksports.com/
780,Outdoors Oriented Inc,+1 905-688-0160,http://outdoorsoriented.com/
781,Nat's Outdoor Sports,+1 270-842-6211,https://www.natsoutdoor.com/
782,Sportsman's Warehouse,+1 406-523-9000,https://stores.sportsmans.com/sportsmans-warehouse/us/mt/missoula/2323-n-reserve-st?utm_source=google&utm_medium=organic&utm_campaign=GMB&y_source=1_OTg4MDE3OS03MTUtbG9jYXRpb24uZ29vZ2xlX3dlYnNpdGVfb3ZlcnJpZGU%3D
783,Peavey Mart,+1 306-242-0981,https://www.peaveymart.com/
784,The Brick,+1 306-763-1775,https://www.thebrick.com/
785,Source For Sports,+1 902-436-3600,https://www.sourceforsports.ca/pages/source-for-sports-summerside
786,Dollar Tree,+1 306-922-2292,https://locations.dollartreecanada.com/sk/prince-albert/
787,Mark's,+1 780-462-5192,https://www.marks.com/en/stores/edmonton-se-whitemud-1912-38-avenue-nw-rio-can-meadows.html?utm_source=Google&utm_medium=GMB&utm_campaign=GMB_Listing
788,MEC Vancouver,+1 604-872-7858,https://www.mec.ca/en/stores/vancouver?utm_medium=organic&utm_source=google&utm_campaign=my-business-listings&utm_content=vancouver
789,MEC Vancouver,+1 604-872-7858,https://www.mec.ca/en/stores/vancouver?utm_medium=organic&utm_source=google&utm_campaign=my-business-listings&utm_content=vancouver
790,Eb's Nordic Ski Trails (south parking),N/A,https://www.google.com/search?q=outdoor+sport+stores+in+prince+saskatchewan&rlz=1C1CHBF_enKE923KE927&biw=1036&bih=538&sz=0&tbm=lcl&ei=kQkCYsjsM4TekgW8tZjQAg&oq=outdoor+sport+stores+in+prince+saskatchewan&gs_l=psy-ab.12...0.0.0.5236.0.0.0.0.0.0.0.0..0.0....0...1c..64.psy-ab..0.0.0....0.Q7Nf54d1w0U#
791,All Seasons Outfitters,+1 315-737-6117,https://allseasonsoutfitter.com/
792,Ptarmigan Sports,+1 970-926-8144,https://www.ptarmigansports.com/
793,Décathlon Ottawa,+1 613-690-2223,https://www.decathlon.ca/
794,All Seasons Source For Sports,+1 250-635-2982,https://www.sourceforsports.ca/pages/all-seasons-source-for-sports-terrace
795,Viking Sports Plex,+1 306-874-2361,https://www.google.com/search?q=outdoor+sport+stores+in+prince+saskatchewan&rlz=1C1CHBF_enKE923KE927&biw=1036&bih=538&sz=0&tbm=lcl&ei=kQkCYsjsM4TekgW8tZjQAg&oq=outdoor+sport+stores+in+prince+saskatchewan&gs_l=psy-ab.12...0.0.0.5236.0.0.0.0.0.0.0.0..0.0....0...1c..64.psy-ab..0.0.0....0.Q7Nf54d1w0U#
796,Dollarama,+1 306-763-5520,https://www.dollarama.com/en-CA/locations/sk/prince-albert-801-15th-st-e?utm_source=G&utm_medium=LPM&utm_campaign=Dollarama
797,Dollarama,+1 306-764-2534,https://www.dollarama.com/en-CA/locations/sk/prince-albert-2995-2nd-ave-w?utm_source=G&utm_medium=LPM&utm_campaign=Dollarama
798,Open Season Outdoor Warehouse,+1 639-399-0644,http://www.openseasonoutdoorwarehouse.ca/
799,Pasquia Regional Park - Pool,+1 306-768-2855,https://www.pasquia.com/
800,Bass Pro Shops,+1 804-496-4700,https://stores.basspro.com/us/va/ashland/11550-lakeridge-parkway.html?y_source=1_MzAxMTU0NS03MTUtbG9jYXRpb24ud2Vic2l0ZQ%3D%3D
801,Sportsman's Warehouse,+1 814-693-5000,https://stores.sportsmans.com/sportsmans-warehouse/us/pa/altoona/141-sierra-drive?y_source=1_MTQ1MjMzNjQtNzE1LWxvY2F0aW9uLmdvb2dsZV93ZWJzaXRlX292ZXJyaWRl
802,Elk Island National Park,+1 780-922-5790,https://www.pc.gc.ca/elk?utm_source=gmb&utm_medium=elk
803,Dollarama,+1 306-922-1031,https://www.dollarama.com/en-CA/locations/sk/prince-albert-1403-central-ave?utm_source=G&utm_medium=LPM&utm_campaign=Dollarama
804,Peak Sports Outdoor Shop,+1 541-754-6444,https://www.peaksportscorvallis.com/
805,Corlane Sporting Goods Ltd,+1 250-782-2111,http://www.corlanes.com/
806,Walmart Supercentre,+1 306-780-3700,https://www.walmart.ca/en/stores-near-me/regina-east-supercentre-3179?utm_source=local&utm_medium=listings&utm_campaign=sc
807,Costco Wholesale,+1 306-933-4262,http://www.costco.ca/warehouse-locations/saskatoon-SK-152.html?utm_term=KW&utm_campaign=Homepage&utm_medium=GMB&utm_source=Google&utm_content=Link
808,Bass Pro Shops,+1 602-606-5600,https://stores.basspro.com/us/az/mesa/1133-north-dobson.html?y_source=1_MzAxMTUzOS03MTUtbG9jYXRpb24ud2Vic2l0ZQ%3D%3D
809,Real Cheap Sports,+1 805-648-3803,https://www.realcheapsports.com/
810,REI,+1 484-231-1703,https://www.rei.com/stores/king-of-prussia.html
811,Bed Bath & Beyond,+1 306-244-0443,https://stores.bedbathandbeyond.ca/Saskatoon-SK-S7N%204V2-2053
812,Peavey Mart,+1 306-463-3802,https://www.peaveymart.com/store-details?locationCode=90
813,DICK'S House of Sport,+1 585-282-0000,https://stores.dickssportinggoods.com/ny/victor/1500/?seo=localpack
814,Sportstop Source For Sports,+1 604-932-5495,https://www.evo.com/en-ca/locations/whistler/sportstop?utm_source=GMBlisting&utm_medium=organic
815,Ricky's All Day Grill - Prince Albert,+1 306-922-0909,https://rickysrestaurants.ca/locations/prince-albert/
816,Valley Regional Park- Rosthern,+1 306-232-5272,http://www.valleyregionalpark.com/
817,Giant Tiger,+1 306-825-6672,https://www.gianttiger.com/
818,Décathlon Brossard,+1 450-500-3000,https://www.decathlon.ca/
819,Trail Bay Source For Sports,+1 604-885-2512,https://www.sourceforsports.ca/pages/trail-bay-source-for-sports-sechelt
820,Waskesiu Golf Course 10th Hole,+1 306-663-5304,https://www.waskesiugolf.com/
821,REI,+1 212-680-1938,https://www.rei.com/stores/soho.html
822,Anglin Lake Fire Tower,N/A,https://www.tourismsaskatchewan.com/listings/1409/great-blue-heron-provincial-park---anglin-lake-trails
823,Lobstick Golf Club,+1 306-663-5301,http://www.waskesiugolf.com/
824,The Woods,+1 218-386-2590,http://www.thewoodsgoods.com/
825,Best Buy,+1 866-237-8289,https://stores.bestbuy.ca/en-ca/sk/regina/2125-prince-of-wales-dr
826,REI,+1 301-770-1751,https://www.rei.com/stores/rockville.html
827,Boston Pizza,+1 306-764-8877,https://bostonpizza.com/
828,Waskesiu Golf Course,+1 306-663-5300,http://www.waskesiugolf.com/
829,Real Cheap Sports,N/A,https://www.google.com/search?q=outdoor+sport+stores+in+prince+saskatchewan&rlz=1C1CHBF_enKE923KE927&biw=1036&bih=538&sz=0&tbm=lcl&ei=kQkCYsjsM4TekgW8tZjQAg&oq=outdoor+sport+stores+in+prince+saskatchewan&gs_l=psy-ab.12...0.0.0.5236.0.0.0.0.0.0.0.0..0.0....0...1c..64.psy-ab..0.0.0....0.Q7Nf54d1w0U#
